{
  "pools": [
    {
      "rolls": {
        "min": 1,
        "max": 1
      },
      "entries": [
        {
          "type": "minecraft:item",
          "name": "cobblecuisine:sweet_pokepuff",
          "conditions": [
            {
              "condition": "rctmod:defeat_count",
              "comparator": "<=",
              "count": 4
            }
          ]
        },
        {
          "type": "minecraft:item",
          "name": "cobblecuisine:citrus_pokepuff",
          "conditions": [
            {
              "condition": "rctmod:defeat_count",
              "comparator": "<=",
              "count": 4
            }
          ]
        },
        {
          "type": "minecraft:item",
          "name": "cobblecuisine:mocha_pokepuff",
          "conditions": [
            {
              "condition": "rctmod:defeat_count",
              "comparator": "<=",
              "count": 4
            }
          ]
        },
        {
          "type": "minecraft:item",
          "name": "cobblecuisine:mint_pokepuff",
          "conditions": [
            {
              "condition": "rctmod:defeat_count",
              "comparator": "<=",
              "count": 4
            }
          ]
        },
        {
          "type": "minecraft:item",
          "name": "cobblecuisine:spice_pokepuff",
          "conditions": [
            {
              "condition": "rctmod:defeat_count",
              "comparator": "<=",
              "count": 4
            }
          ]
        },
        {
          "type": "minecraft:item",
          "name": "cobblecuisine:bean_medley_curry",
          "conditions": [
            {
              "condition": "rctmod:defeat_count",
              "comparator": "==",
              "count": 5
            }
          ]
        }
      ]
    }
  ],
  "random_sequence": "rctmod:generic/food/pokepuffs"
}