{
  "tiers": [
    {
      "groups": [
        {
          "num_to_select": 2.0,
          "trades": [
            {
              "cost_a": {
                "type": "minecraft:item",
                "functions": [
                  {
                    "add": false,
                    "count": 1.0,
                    "function": "minecraft:set_count"
                  }
                ],
                "name": "cobblemon:swift_feather"
              },
              "max_uses": 4.0,
              "price_multiplier": 0.05,
              "result": {
                "type": "minecraft:item",
                "functions": [
                  {
                    "decoration": "minecraft:target_point",
                    "destination": "cobbleverse:johto_valerio_gym",
                    "function": "minecraft:exploration_map",
                    "search_radius": 50
                  },
                  {
                    "function": "minecraft:set_name",
                    "name": "§aValerio's Gym",
                    "target": "item_name"
                  }
                ],
                "name": "minecraft:map"
              },
              "trader_experience": 5.0
            },
            {
              "cost_a": {
                "type": "minecraft:item",
                "functions": [
                  {
                    "add": false,
                    "count": 1.0,
                    "function": "minecraft:set_count"
                  }
                ],
                "name": "cobblemon:energy_root"
              },
              "max_uses": 4.0,
              "price_multiplier": 0.05,
              "result": {
                "type": "minecraft:item",
                "functions": [
                  {
                    "decoration": "minecraft:target_point",
                    "destination": "cobbleverse:johto_raffaello_gym",
                    "function": "minecraft:exploration_map",
                    "search_radius": 50
                  },
                  {
                    "function": "minecraft:set_name",
                    "name": "§2Raffaello's Gym",
                    "target": "item_name"
                  }
                ],
                "name": "minecraft:map"
              },
              "trader_experience": 5.0
            }
          ]
        }
      ],
      "total_exp_required": 0
    },
    {
      "groups": [
        {
          "num_to_select": 2.0,
          "trades": [
            {
              "cost_a": {
                "type": "minecraft:item",
                "functions": [
                  {
                    "add": false,
                    "count": 1.0,
                    "function": "minecraft:set_count"
                  }
                ],
                "name": "cobblemon:silk_scarf"
              },
              "max_uses": 4.0,
              "price_multiplier": 0.05,
              "result": {
                "type": "minecraft:item",
                "functions": [
                  {
                    "decoration": "minecraft:target_point",
                    "destination": "cobbleverse:johto_chiara_gym",
                    "function": "minecraft:exploration_map",
                    "search_radius": 50
                  },
                  {
                    "function": "minecraft:set_name",
                    "name": "§fChiara's Gym",
                    "target": "item_name"
                  }
                ],
                "name": "minecraft:map"
              },
              "trader_experience": 30.0
            },
            {
              "cost_a": {
                "type": "minecraft:item",
                "functions": [
                  {
                    "add": false,
                    "count": 1.0,
                    "function": "minecraft:set_count"
                  }
                ],
                "name": "cobblemon:metronome"
              },
              "cost_b": {
                "type": "minecraft:item",
                "name": "minecraft:glow_berries"
              },
              "max_uses": 4.0,
              "price_multiplier": 0.05,
              "result": {
                "type": "minecraft:item",
                "functions": [
                  {
                    "decoration": "minecraft:target_point",
                    "destination": "cobbleverse:johto_angelo_gym",
                    "function": "minecraft:exploration_map",
                    "search_radius": 50
                  },
                  {
                    "function": "minecraft:set_name",
                    "name": "§5Angelo's Gym",
                    "target": "item_name"
                  }
                ],
                "name": "minecraft:map"
              },
              "trader_experience": 30.0
            }
          ]
        }
      ],
      "total_exp_required": 10
    },
    {
      "groups": [
        {
          "num_to_select": 2.0,
          "trades": [
            {
              "cost_a": {
                "type": "minecraft:item",
                "functions": [
                  {
                    "add": false,
                    "count": 1.0,
                    "function": "minecraft:set_count"
                  }
                ],
                "name": "cobblemon:punching_glove"
              },
              "max_uses": 4.0,
              "price_multiplier": 0.05,
              "result": {
                "type": "minecraft:item",
                "functions": [
                  {
                    "decoration": "minecraft:target_point",
                    "destination": "cobbleverse:johto_furio_gym",
                    "function": "minecraft:exploration_map",
                    "search_radius": 50
                  },
                  {
                    "function": "minecraft:set_name",
                    "name": "§6Furio's Gym",
                    "target": "item_name"
                  }
                ],
                "name": "minecraft:map"
              },
              "trader_experience": 40.0
            },
            {
              "cost_a": {
                "type": "minecraft:item",
                "functions": [
                  {
                    "add": false,
                    "count": 1.0,
                    "function": "minecraft:set_count"
                  }
                ],
                "name": "cobblemon:metal_coat"
              },
              "max_uses": 4.0,
              "price_multiplier": 0.05,
              "result": {
                "type": "minecraft:item",
                "functions": [
                  {
                    "decoration": "minecraft:target_point",
                    "destination": "cobbleverse:johto_jasmine_gym",
                    "function": "minecraft:exploration_map",
                    "search_radius": 50
                  },
                  {
                    "function": "minecraft:set_name",
                    "name": "§7Jasmine's Gym",
                    "target": "item_name"
                  }
                ],
                "name": "minecraft:map"
              },
              "trader_experience": 40.0
            }
          ]
        }
      ],
      "total_exp_required": 50
    },
    {
      "groups": [
        {
          "num_to_select": 2.0,
          "trades": [
            {
              "cost_a": {
                "type": "minecraft:item",
                "functions": [
                  {
                    "add": false,
                    "count": 1.0,
                    "function": "minecraft:set_count"
                  }
                ],
                "name": "cobblemon:icy_rock"
              },
              "max_uses": 4.0,
              "price_multiplier": 0.05,
              "result": {
                "type": "minecraft:item",
                "functions": [
                  {
                    "decoration": "minecraft:target_point",
                    "destination": "cobbleverse:johto_alfredo_gym",
                    "function": "minecraft:exploration_map",
                    "search_radius": 50
                  },
                  {
                    "function": "minecraft:set_name",
                    "name": "§bAlfredo's Gym",
                    "target": "item_name"
                  }
                ],
                "name": "minecraft:map"
              },
              "trader_experience": 60.0
            },
            {
              "cost_a": {
                "type": "minecraft:item",
                "functions": [
                  {
                    "add": false,
                    "count": 1.0,
                    "function": "minecraft:set_count"
                  }
                ],
                "name": "cobblemon:dragon_scale"
              },
              "cost_b": {
                "type": "minecraft:item",
                "name": "minecraft:soul_sand"
              },
              "max_uses": 4.0,
              "price_multiplier": 0.05,
              "result": {
                "type": "minecraft:item",
                "functions": [
                  {
                    "decoration": "minecraft:target_point",
                    "destination": "cobbleverse:johto_sandra_gym",
                    "function": "minecraft:exploration_map",
                    "search_radius": 50
                  },
                  {
                    "function": "minecraft:set_name",
                    "name": "§9Sandra's Gym",
                    "target": "item_name"
                  }
                ],
                "name": "minecraft:map"
              },
              "trader_experience": 60.0
            }
          ]
        }
      ],
      "total_exp_required": 150
    },
    {
      "groups": [
        {
          "num_to_select": 1.0,
          "trades": [
            {
              "cost_a": {
                "type": "minecraft:item",
                "functions": [
                  {
                    "add": false,
                    "count": 1.0,
                    "function": "minecraft:set_count"
                  }
                ],
                "name": "cobblemon:deep_sea_tooth"
              },
              "cost_b": {
                "type": "minecraft:item",
                "name": "minecraft:end_stone"
              },
              "max_uses": 4.0,
              "price_multiplier": 0.05,
              "result": {
                "type": "minecraft:item",
                "functions": [
                  {
                    "decoration": "minecraft:target_point",
                    "destination": "cobbleverse:johto_league_tower",
                    "function": "minecraft:exploration_map",
                    "search_radius": 100
                  },
                  {
                    "function": "minecraft:set_name",
                    "name": "§3Johto League",
                    "target": "item_name"
                  }
                ],
                "name": "minecraft:map"
              },
              "trader_experience": 100.0
            }
          ]
        }
      ],
      "total_exp_required": 250
    }
  ]
}