{
  "implemented": true,
  "nationalPokedexNumber": 604,
  "name": "Eelektross",
  "primaryType": "electric",
  "maleRatio": 0.5,
  "height": 21,
  "weight": 805,
  "pokedex": [
    "cobblemon.species.eelektross.desc"
  ],
  "labels": [
    "gen5"
  ],
  "aspects": [],
  "abilities": [
    "levitate",
    "h:levitate"
  ],
  "eggGroups": [
    "amorphous"
  ],
  "baseStats": {
    "hp": 85,
    "attack": 115,
    "defence": 80,
    "special_attack": 105,
    "special_defence": 80,
    "speed": 50
  },
  "evYield": {
    "hp": 0,
    "attack": 3,
    "defence": 0,
    "special_attack": 0,
    "special_defence": 0,
    "speed": 0
  },
  "baseExperienceYield": 258,
  "experienceGroup": "slow",
  "catchRate": 30,
  "eggCycles": 20,
  "baseFriendship": 50,
  "baseScale": 1,
  "hitbox": {
    "width": 1,
    "height": 1,
    "fixed": false
  },
  "behaviour": {
    "moving": {
      "swim": {
        "canSwimInWater": true
      },
      "fly": {
        "canFly": true
      }
    }
  },
  "drops": {
    "amount": 3,
    "entries": [
      {
        "item": "minecraft:slime_ball",
        "quantityRange": "0-3"
      }
    ]
  },
  "moves": [
    "1:crushclaw",
    "1:headbutt",
    "1:acid",
    "1:discharge",
    "1:crunch",
    "1:gastroacid",
    "1:thrash",
    "1:zapcannon",
    "1:coil",
    "1:iondeluge",
    "1:tackle",
    "1:spark",
    "5:wildcharge",
    "tm:acidspray",
    "tm:acrobatics",
    "tm:aquatail",
    "tm:bind",
    "tm:bodypress",
    "tm:bodyslam",
    "tm:bounce",
    "tm:brickbreak",
    "tm:bulkup",
    "tm:bulldoze",
    "tm:charge",
    "tm:chargebeam",
    "tm:closecombat",
    "tm:confuseray",
    "tm:crunch",
    "tm:cut",
    "tm:dragonclaw",
    "tm:dragonpulse",
    "tm:dragontail",
    "tm:drainpunch",
    "tm:eerieimpulse",
    "tm:electricterrain",
    "tm:electroball",
    "tm:electroweb",
    "tm:endure",
    "tm:facade",
    "tm:firepunch",
    "tm:flamethrower",
    "tm:flash",
    "tm:flashcannon",
    "tm:focuspunch",
    "tm:gastroacid",
    "tm:gigadrain",
    "tm:gigaimpact",
    "tm:grassknot",
    "tm:headbutt",
    "tm:heavyslam",
    "tm:hex",
    "tm:honeclaws",
    "tm:hyperbeam",
    "tm:irontail",
    "tm:knockoff",
    "tm:lightscreen",
    "tm:liquidation",
    "tm:lunge",
    "tm:magnetrise",
    "tm:outrage",
    "tm:poweruppunch",
    "tm:protect",
    "tm:raindance",
    "tm:rest",
    "tm:risingvoltage",
    "tm:rockslide",
    "tm:rocksmash",
    "tm:rocktomb",
    "tm:scaryface",
    "tm:shockwave",
    "tm:signalbeam",
    "tm:sleeptalk",
    "tm:stompingtantrum",
    "tm:strength",
    "tm:substitute",
    "tm:sunnyday",
    "tm:supercellslam",
    "tm:superfang",
    "tm:superpower",
    "tm:swift",
    "tm:takedown",
    "tm:terablast",
    "tm:throatchop",
    "tm:thunder",
    "tm:thunderbolt",
    "tm:thunderfang",
    "tm:thunderpunch",
    "tm:thunderwave",
    "tm:uturn",
    "tm:voltswitch",
    "tm:wildcharge",
    "tm:zenheadbutt",
    "tutor:aquatail",
    "tutor:bind",
    "tutor:bounce",
    "tutor:bulkup",
    "tutor:bulldoze",
    "tutor:chargebeam",
    "tutor:dragonpulse",
    "tutor:drainpunch",
    "tutor:electroweb",
    "tutor:firepunch",
    "tutor:flamethrower",
    "tutor:flashcannon",
    "tutor:focuspunch",
    "tutor:gastroacid",
    "tutor:gigadrain",
    "tutor:gigaimpact",
    "tutor:hyperbeam",
    "tutor:irontail",
    "tutor:knockoff",
    "tutor:liquidation",
    "tutor:magnetrise",
    "tutor:outrage",
    "tutor:rest",
    "tutor:risingvoltage",
    "tutor:rockslide",
    "tutor:rocksmash",
    "tutor:shockwave",
    "tutor:signalbeam",
    "tutor:sleeptalk",
    "tutor:stompingtantrum",
    "tutor:superfang",
    "tutor:superpower",
    "tutor:swift",
    "tutor:throatchop",
    "tutor:thunderbolt",
    "tutor:thunderfang",
    "tutor:thunderpunch",
    "tutor:wildcharge",
    "tutor:zenheadbutt"
  ],
  "preEvolution": "eelektrik",
  "evolutions": []
}