{
  "implemented": true,
  "nationalPokedexNumber": 251,
  "name": "Celebi",
  "primaryType": "psychic",
  "secondaryType": "grass",
  "maleRatio": -1,
  "height": 6,
  "weight": 50,
  "pokedex": [
    "cobblemon.species.celebi.desc"
  ],
  "labels": [
    "gen2",
    "mythical"
  ],
  "aspects": [],
  "abilities": [
    "naturalcure",
    "h:naturalcure"
  ],
  "eggGroups": [
    "undiscovered"
  ],
  "baseStats": {
    "hp": 100,
    "attack": 100,
    "defence": 100,
    "special_attack": 100,
    "special_defence": 100,
    "speed": 100
  },
  "evYield": {
    "hp": 3,
    "attack": 0,
    "defence": 0,
    "special_attack": 0,
    "special_defence": 0,
    "speed": 0
  },
  "baseExperienceYield": 300,
  "experienceGroup": "medium_slow",
  "catchRate": 45,
  "eggCycles": 120,
  "baseFriendship": 100,
  "baseScale": 1,
  "hitbox": {
    "width": 1,
    "height": 1,
    "fixed": false
  },
  "drops": {
    "amount": 1,
    "entries": [
      {
        "item": "cobblemon:miracle_seed"
      }
    ]
  },
  "moves": [
    "1:confusion",
    "1:healbell",
    "1:healblock",
    "1:naturalgift",
    "10:magicalleaf",
    "20:batonpass",
    "30:ancientpower",
    "40:lifedew",
    "50:leechseed",
    "60:recover",
    "70:futuresight",
    "80:healingwish",
    "90:leafstorm",
    "100:perishsong",
    "tm:aerialace",
    "tm:allyswitch",
    "tm:ancientpower",
    "tm:aurasphere",
    "tm:batonpass",
    "tm:calmmind",
    "tm:chargebeam",
    "tm:cut",
    "tm:dazzlinggleam",
    "tm:dreameater",
    "tm:dualwingbeat",
    "tm:earthpower",
    "tm:echoedvoice",
    "tm:endure",
    "tm:energyball",
    "tm:expandingforce",
    "tm:facade",
    "tm:flash",
    "tm:fling",
    "tm:futuresight",
    "tm:gigadrain",
    "tm:gigaimpact",
    "tm:grassknot",
    "tm:grassyglide",
    "tm:grassyterrain",
    "tm:healbell",
    "tm:helpinghand",
    "tm:hyperbeam",
    "tm:imprison",
    "tm:laserfocus",
    "tm:lastresort",
    "tm:leafblade",
    "tm:leafstorm",
    "tm:lightscreen",
    "tm:magicalleaf",
    "tm:magiccoat",
    "tm:magicroom",
    "tm:metronome",
    "tm:mudslap",
    "tm:nastyplot",
    "tm:naturalgift",
    "tm:naturepower",
    "tm:pollenpuff",
    "tm:protect",
    "tm:psychic",
    "tm:psychicterrain",
    "tm:psychocut",
    "tm:psychup",
    "tm:raindance",
    "tm:reflect",
    "tm:rest",
    "tm:safeguard",
    "tm:sandstorm",
    "tm:seedbomb",
    "tm:shadowball",
    "tm:shockwave",
    "tm:signalbeam",
    "tm:silverwind",
    "tm:skillswap",
    "tm:sleeptalk",
    "tm:solarbeam",
    "tm:solarblade",
    "tm:stealthrock",
    "tm:substitute",
    "tm:suckerpunch",
    "tm:sunnyday",
    "tm:swift",
    "tm:swordsdance",
    "tm:synthesis",
    "tm:telekinesis",
    "tm:terablast",
    "tm:thunderwave",
    "tm:trick",
    "tm:trickroom",
    "tm:uproar",
    "tm:uturn",
    "tm:waterpulse",
    "tm:weatherball",
    "tm:wonderroom",
    "tm:worryseed",
    "tm:zenheadbutt",
    "tutor:aerialace",
    "tutor:allyswitch",
    "tutor:ancientpower",
    "tutor:block",
    "tutor:calmmind",
    "tutor:chargebeam",
    "tutor:dazzlinggleam",
    "tutor:dualwingbeat",
    "tutor:earthpower",
    "tutor:energyball",
    "tutor:expandingforce",
    "tutor:gigadrain",
    "tutor:gigaimpact",
    "tutor:grassyglide",
    "tutor:healbell",
    "tutor:helpinghand",
    "tutor:hyperbeam",
    "tutor:laserfocus",
    "tutor:lastresort",
    "tutor:magicalleaf",
    "tutor:magiccoat",
    "tutor:magicroom",
    "tutor:mudslap",
    "tutor:psychic",
    "tutor:psychocut",
    "tutor:rest",
    "tutor:seedbomb",
    "tutor:shadowball",
    "tutor:shockwave",
    "tutor:signalbeam",
    "tutor:skillswap",
    "tutor:sleeptalk",
    "tutor:stealthrock",
    "tutor:suckerpunch",
    "tutor:swift",
    "tutor:synthesis",
    "tutor:telekinesis",
    "tutor:trick",
    "tutor:uproar",
    "tutor:waterpulse",
    "tutor:wonderroom",
    "tutor:worryseed",
    "tutor:zenheadbutt"
  ],
  "evolutions": []
}