{
  "implemented": true,
  "name": "Furret",
  "nationalPokedexNumber": 162,
  "primaryType": "normal",
  "abilities": [
    "runaway",
    "keeneye",
    "h:frisk"
  ],
  "baseStats": {
    "hp": 85,
    "attack": 76,
    "defence": 64,
    "special_attack": 45,
    "special_defence": 55,
    "speed": 90
  },
  "catchRate": 90,
  "maleRatio": 0.5,
  "shoulderMountable": false,
  "baseExperienceYield": 145,
  "experienceGroup": "medium_fast",
  "eggCycles": 15,
  "eggGroups": [
    "field"
  ],
  "moves": [
    "1:agility",
    "1:coil",
    "1:defensecurl",
    "1:foresight",
    "1:quickattack",
    "1:scratch",
    "13:furyswipes",
    "17:helpinghand",
    "21:followme",
    "28:slam",
    "32:rest",
    "36:suckerpunch",
    "42:amnesia",
    "46:batonpass",
    "50:doubleedge",
    "50:mefirst",
    "56:hypervoice",
    "tm:agility",
    "tm:amnesia",
    "tm:attract",
    "tm:batonpass",
    "tm:blizzard",
    "tm:bodyslam",
    "tm:brickbreak",
    "tm:brutalswing",
    "tm:captivate",
    "tm:chargebeam",
    "tm:charm",
    "tm:chillingwater",
    "tm:confide",
    "tm:cut",
    "tm:dig",
    "tm:doubleedge",
    "tm:doubleteam",
    "tm:echoedvoice",
    "tm:endeavor",
    "tm:endure",
    "tm:facade",
    "tm:firepunch",
    "tm:flamethrower",
    "tm:fling",
    "tm:focusblast",
    "tm:focuspunch",
    "tm:frustration",
    "tm:gigaimpact",
    "tm:grassknot",
    "tm:helpinghand",
    "tm:hiddenpower",
    "tm:honeclaws",
    "tm:hyperbeam",
    "tm:hypervoice",
    "tm:icebeam",
    "tm:icepunch",
    "tm:irontail",
    "tm:knockoff",
    "tm:naturalgift",
    "tm:playrough",
    "tm:poweruppunch",
    "tm:protect",
    "tm:raindance",
    "tm:rest",
    "tm:retaliate",
    "tm:return",
    "tm:reversal",
    "tm:rocksmash",
    "tm:round",
    "tm:secretpower",
    "tm:seedbomb",
    "tm:shadowball",
    "tm:shadowclaw",
    "tm:shockwave",
    "tm:sleeptalk",
    "tm:solarbeam",
    "tm:strength",
    "tm:substitute",
    "tm:sunnyday",
    "tm:superfang",
    "tm:surf",
    "tm:swagger",
    "tm:swift",
    "tm:takedown",
    "tm:terablast",
    "tm:thief",
    "tm:thunder",
    "tm:thunderbolt",
    "tm:thunderpunch",
    "tm:toxic",
    "tm:trailblaze",
    "tm:trick",
    "tm:uproar",
    "tm:uturn",
    "tm:waterpulse",
    "tm:whirlpool",
    "tm:workup",
    "tm:zenheadbutt",
    "tutor:amnesia",
    "tutor:aquatail",
    "tutor:attract",
    "tutor:bodyslam",
    "tutor:covet",
    "tutor:curse",
    "tutor:cut",
    "tutor:defensecurl",
    "tutor:detect",
    "tutor:dig",
    "tutor:doubleedge",
    "tutor:doubleteam",
    "tutor:dynamicpunch",
    "tutor:endure",
    "tutor:firepunch",
    "tutor:focuspunch",
    "tutor:frustration",
    "tutor:furycutter",
    "tutor:furyswipes",
    "tutor:headbutt",
    "tutor:helpinghand",
    "tutor:hiddenpower",
    "tutor:hyperbeam",
    "tutor:hypervoice",
    "tutor:icepunch",
    "tutor:irontail",
    "tutor:knockoff",
    "tutor:lastresort",
    "tutor:mimic",
    "tutor:mudslap",
    "tutor:protect",
    "tutor:quickattack",
    "tutor:rest",
    "tutor:return",
    "tutor:rollout",
    "tutor:scratch",
    "tutor:shadowball",
    "tutor:shockwave",
    "tutor:slam",
    "tutor:sleeptalk",
    "tutor:snore",
    "tutor:strength",
    "tutor:substitute",
    "tutor:suckerpunch",
    "tutor:sunnyday",
    "tutor:superfang",
    "tutor:surf",
    "tutor:swagger",
    "tutor:swift",
    "tutor:thief",
    "tutor:thunderpunch",
    "tutor:toxic",
    "tutor:trick",
    "tutor:uproar",
    "tutor:waterpulse"
  ],
  "labels": [
    "gen2"
  ],
  "pokedex": [
    "cobblemon.species.furret.desc"
  ],
  "preEvolution": "sentret",
  "evolutions": [],
  "baseScale": 1,
  "hitbox": {
    "width": 0.85,
    "height": 1.42,
    "fixed": false
  },
  "baseFriendship": 70,
  "evYield": {
    "hp": 0,
    "attack": 0,
    "defence": 0,
    "special_attack": 0,
    "special_defence": 0,
    "speed": 2
  },
  "height": 18,
  "weight": 325,
  "aspects": [],
  "cannotDynamax": false,
  "drops": {
    "amount": 2,
    "entries": [
      {
        "item": "cobblemon:silk_scarf",
        "percentage": 5.0
      },
      {
        "item": "cobblemon:oran_berry",
        "percentage": 5.0
      }
    ]
  }
}
