{
  "implemented": true,
  "nationalPokedexNumber": 183,
  "name": "Marill",
  "primaryType": "water",
  "secondaryType": "fairy",
  "maleRatio": 0.5,
  "height": 4,
  "weight": 85,
  "pokedex": [
    "cobblemon.species.marill.desc"
  ],
  "labels": [
    "gen2"
  ],
  "aspects": [],
  "abilities": [
    "thickfat",
    "hugepower",
    "h:sapsipper"
  ],
  "eggGroups": [
    "water_1",
    "fairy"
  ],
  "baseStats": {
    "hp": 70,
    "attack": 20,
    "defence": 50,
    "special_attack": 20,
    "special_defence": 50,
    "speed": 40
  },
  "evYield": {
    "hp": 2,
    "attack": 0,
    "defence": 0,
    "special_attack": 0,
    "special_defence": 0,
    "speed": 0
  },
  "baseExperienceYield": 88,
  "experienceGroup": "fast",
  "catchRate": 190,
  "eggCycles": 10,
  "baseFriendship": 50,
  "baseScale": 1,
  "hitbox": {
    "width": 1,
    "height": 1,
    "fixed": false
  },
  "behaviour": {
    "moving": {
      "swim": {
        "canSwimInWater": true,
        "canSwimInLava": false,
        "canBreatheUnderwater": true,
        "swimSpeed": "0.2"
      }
    }
  },
  "drops": {
    "amount": 1,
    "entries": [
      {
        "item": "cobblemon:kebia_berry",
        "percentage": 5.0
      }
    ]
  },
  "moves": [
    "1:tackle",
    "1:defensecurl",
    "1:tailwhip",
    "1:watergun",
    "1:rollout",
    "1:helpinghand",
    "1:bubble",
    "1:watersport",
    "1:splash",
    "6:bubblebeam",
    "9:charm",
    "12:slam",
    "15:bounce",
    "19:aquatail",
    "21:playrough",
    "24:aquaring",
    "27:raindance",
    "30:hydropump",
    "33:doubleedge",
    "36:superpower",
    "egg:aquajet",
    "egg:bellydrum",
    "egg:camouflage",
    "egg:copycat",
    "egg:perishsong",
    "egg:present",
    "egg:refresh",
    "egg:sing",
    "egg:soak",
    "egg:supersonic",
    "egg:tickle",
    "egg:watersport",
    "tm:alluringvoice",
    "tm:amnesia",
    "tm:aquatail",
    "tm:blizzard",
    "tm:bodyslam",
    "tm:bounce",
    "tm:brickbreak",
    "tm:brutalswing",
    "tm:bulldoze",
    "tm:charm",
    "tm:chillingwater",
    "tm:covet",
    "tm:dig",
    "tm:disarmingvoice",
    "tm:dive",
    "tm:doubleedge",
    "tm:drainingkiss",
    "tm:encore",
    "tm:endure",
    "tm:facade",
    "tm:faketears",
    "tm:fling",
    "tm:focuspunch",
    "tm:grassknot",
    "tm:hail",
    "tm:headbutt",
    "tm:helpinghand",
    "tm:hydropump",
    "tm:hypervoice",
    "tm:icebeam",
    "tm:icepunch",
    "tm:icespinner",
    "tm:icywind",
    "tm:irontail",
    "tm:knockoff",
    "tm:lightscreen",
    "tm:liquidation",
    "tm:megakick",
    "tm:megapunch",
    "tm:metronome",
    "tm:mistyexplosion",
    "tm:mistyterrain",
    "tm:muddywater",
    "tm:mudshot",
    "tm:mudslap",
    "tm:playrough",
    "tm:poweruppunch",
    "tm:protect",
    "tm:raindance",
    "tm:rest",
    "tm:rocksmash",
    "tm:rollout",
    "tm:sleeptalk",
    "tm:snowscape",
    "tm:steelroller",
    "tm:strength",
    "tm:substitute",
    "tm:superpower",
    "tm:surf",
    "tm:swift",
    "tm:takedown",
    "tm:terablast",
    "tm:trailblaze",
    "tm:waterfall",
    "tm:waterpulse",
    "tm:whirlpool",
    "tm:workup",
    "tutor:aquatail",
    "tutor:bounce",
    "tutor:bulldoze",
    "tutor:covet",
    "tutor:dive",
    "tutor:focuspunch",
    "tutor:helpinghand",
    "tutor:hypervoice",
    "tutor:icebeam",
    "tutor:icepunch",
    "tutor:icywind",
    "tutor:irontail",
    "tutor:knockoff",
    "tutor:liquidation",
    "tutor:mistyexplosion",
    "tutor:mudslap",
    "tutor:playrough",
    "tutor:rest",
    "tutor:rocksmash",
    "tutor:rollout",
    "tutor:sleeptalk",
    "tutor:steelroller",
    "tutor:superpower",
    "tutor:swift",
    "tutor:waterpulse"
  ],
  "preEvolution": "azurill",
  "evolutions": [
    {
      "id": "marill_azumarill",
      "variant": "level_up",
      "result": "azumarill",
      "consumeHeldItem": false,
      "learnableMoves": [],
      "requirements": [
        {
          "variant": "level",
          "minLevel": 18
        }
      ]
    }
  ]
}