{
  "type": "minecraft:archaeology",
  "pools": [
    {
      "rolls": 1,
      "entries": [
        {
          "type": "minecraft:item",
          "name": "cobblemon:dark_gem",
          "weight": 3
        },
        {
          "type": "minecraft:item",
          "name": "cobblemon:helix_fossil",
          "weight": 1
        },
        {
          "type": "minecraft:item",
          "name": "cobblemon:sandy_mulch",
          "weight": 3
        },
        {
          "type": "minecraft:item",
          "name": "cobblemon:dawn_stone",
          "weight": 2
        },
        {
          "type": "minecraft:item",
          "name": "cobblemon:fire_stone",
          "weight": 2
        },
        {
          "type": "minecraft:item",
          "name": "cobblemon:sweet_apple",
          "weight": 3
        },
        {
          "type": "minecraft:item",
          "name": "cobblemon:fire_gem",
          "weight": 2
        },
        {
          "type": "minecraft:item",
          "name": "mega_showdown:furfrou_upgrade",
          "weight": 2
        }
      ]
    }
  ]
}