{
  "implemented": true,
  "name": "Lucario",
  "nationalPokedexNumber": 448,
  "primaryType": "fighting",
  "secondaryType": "steel",
  "abilities": [
    "steadfast",
    "innerfocus",
    "h:justified"
  ],
  "baseStats": {
    "hp": 70,
    "attack": 110,
    "defence": 70,
    "special_attack": 115,
    "special_defence": 70,
    "speed": 90
  },
  "behaviour": {
        "resting": {
          "canSleep": true,
          "willSleepOnBed": true,
          "depth": "normal",
          "light": "0-4"
        },
        "swim": {
          "swimSpeed": 0.1,
          "canSwimInWater": true,
          "canBreatheUnderwater": false
        }
      },
  "catchRate": 45,
  "maleRatio": 0.875,
  "shoulderMountable": true,
  "baseExperienceYield": 184,
  "experienceGroup": "medium_slow",
  "eggCycles": 25,
  "eggGroups": [
    "field",
    "human_like"
  ],
  "moves": [
    "1:copycat",
    "1:detect",
    "1:feint",
    "1:finalgambit",
    "1:foresight",
    "1:helpinghand",
    "1:lifedew",
    "1:metalclaw",
    "1:quickattack",
    "1:reversal",
    "1:rocksmash",
    "1:screech",
    "1:vacuumwave",
    "12:counter",
    "16:laserfocus",
    "16:workup",
    "20:forcepalm",
    "20:poweruppunch",
    "24:calmmind",
    "28:metalsound",
    "32:quickguard",
    "36:bonerush",
    "37:mefirst",
    "40:swordsdance",
    "44:healpulse",
    "48:meteormash",
    "52:dragonpulse",
    "56:extremespeed",
    "60:closecombat",
    "tm:aerialace",
    "tm:agility",
    "tm:attract",
    "tm:aurasphere",
    "tm:blazekick",
    "tm:bodyslam",
    "tm:brickbreak",
    "tm:bulkup",
    "tm:bulldoze",
    "tm:calmmind",
    "tm:captivate",
    "tm:closecombat",
    "tm:confide",
    "tm:crunch",
    "tm:darkpulse",
    "tm:dig",
    "tm:doubleteam",
    "tm:dragonpulse",
    "tm:drainpunch",
    "tm:earthquake",
    "tm:endure",
    "tm:facade",
    "tm:flashcannon",
    "tm:fling",
    "tm:focusblast",
    "tm:focusenergy",
    "tm:frustration",
    "tm:gigaimpact",
    "tm:helpinghand",
    "tm:hiddenpower",
    "tm:honeclaws",
    "tm:hyperbeam",
    "tm:icepunch",
    "tm:irondefense",
    "tm:irontail",
    "tm:lowkick",
    "tm:lowsweep",
    "tm:megakick",
    "tm:megapunch",
    "tm:metalclaw",
    "tm:metronome",
    "tm:nastyplot",
    "tm:naturalgift",
    "tm:payback",
    "tm:poisonjab",
    "tm:protect",
    "tm:psychic",
    "tm:raindance",
    "tm:rest",
    "tm:retaliate",
    "tm:return",
    "tm:revenge",
    "tm:reversal",
    "tm:roar",
    "tm:rockclimb",
    "tm:rockslide",
    "tm:rocktomb",
    "tm:round",
    "tm:scaryface",
    "tm:secretpower",
    "tm:shadowball",
    "tm:shadowclaw",
    "tm:sleeptalk",
    "tm:snore",
    "tm:steelbeam",
    "tm:stoneedge",
    "tm:strength",
    "tm:substitute",
    "tm:sunnyday",
    "tm:swagger",
    "tm:swift",
    "tm:swordsdance",
    "tm:takedown",
    "tm:terablast",
    "tm:thunderpunch",
    "tm:toxic",
    "tm:trailblaze",
    "tm:waterpulse",
    "tm:zenheadbutt",
    "tutor:bulletpunch",
    "tutor:coaching",
    "tutor:dualchop",
    "tutor:focuspunch",
    "tutor:furycutter",
    "tutor:headbutt",
    "tutor:highjumpkick",
    "tutor:magnetrise",
    "tutor:mudslap",
    "tutor:roleplay",
    "tutor:terrainpulse"
  ],
  "labels": [
    "gen4"
  ],
  "pokedex": [
    "cobblemon.species.lucario.desc"
  ],
  "preEvolution": "riolu",
  "evolutions": [
    {
      "id": "lucario_ruins_lime_dye",
      "variant": "item_interact",
      "result": "lucario_ruins",
      "consumeHeldItem": false,
      "learnableMoves": [],
      "requirements": [],
      "requiredContext": "minecraft:lime_dye"
    },
    {
      "id": "lucario_party_black_dye",
      "variant": "item_interact",
      "result": "lucario_party",
      "consumeHeldItem": false,
      "learnableMoves": [],
      "requirements": [],
      "requiredContext": "minecraft:black_dye"
    },
    {
      "id": "lucario_blue_dye",
      "variant": "item_interact",
      "result": "lucario",
      "consumeHeldItem": false,
      "learnableMoves": [],
      "requirements": [],
      "requiredContext": "minecraft:blue_dye"
    },
    {
      "id": "lucario_cafe_brown_dye",
      "variant": "item_interact",
      "result": "lucario_cafe",
      "consumeHeldItem": false,
      "learnableMoves": [],
      "requirements": [],
      "requiredContext": "minecraft:brown_dye"
    },
    {
      "id": "lucario_martialarts_pink_dye",
      "variant": "item_interact",
      "result": "lucario_martialarts",
      "consumeHeldItem": false,
      "learnableMoves": [],
      "requirements": [],
      "requiredContext": "minecraft:pink_dye"
    },
    {
      "id": "lucario_chef_white_dye",
      "variant": "item_interact",
      "result": "lucario_chef",
      "consumeHeldItem": false,
      "learnableMoves": [],
      "requirements": [],
      "requiredContext": "minecraft:white_dye"
    },
    {
      "id": "lucario_pmd_red_wool",
      "variant": "item_interact",
      "result": "lucario_pmd",
      "consumeHeldItem": false,
      "learnableMoves": [],
      "requirements": [],
      "requiredContext": "minecraft:red_wool"
    },
    {
      "id": "lucario_psmd_green_wool",
      "variant": "item_interact",
      "result": "lucario_psmd",
      "consumeHeldItem": false,
      "learnableMoves": [],
      "requirements": [],
      "requiredContext": "minecraft:green_wool"
    },
    {
      "id": "lucario_captain_yellow_dye",
      "variant": "item_interact",
      "result": "lucario_captain",
      "consumeHeldItem": false,
      "learnableMoves": [],
      "requirements": [],
      "requiredContext": "minecraft:yellow_dye"
    },
    {
      "id": "lucario_space_orange_dye",
      "variant": "item_interact",
      "result": "lucario_space",
      "consumeHeldItem": false,
      "learnableMoves": [],
      "requirements": [],
      "requiredContext": "minecraft:orange_dye"
    },
    {
      "id": "lucario_concert_red_dye",
      "variant": "item_interact",
      "result": "lucario_concert",
      "consumeHeldItem": false,
      "learnableMoves": [],
      "requirements": [],
      "requiredContext": "minecraft:red_dye"
    },
    {
      "id": "lucario_holiday_lime_wool",
      "variant": "item_interact",
      "result": "lucario_holiday",
      "consumeHeldItem": false,
      "learnableMoves": [],
      "requirements": [],
      "requiredContext": "minecraft:lime_wool"
    }
  ],
  "baseScale": 0.68,
  "hitbox": {
    "width": 1,
    "height": 2.8,
    "fixed": false
  },
  "baseFriendship": 50,
  "evYield": {
    "hp": 0,
    "attack": 1,
    "defence": 0,
    "special_attack": 1,
    "special_defence": 0,
    "speed": 0
  },
  "height": 12,
  "weight": 540,
  "aspects": [],
  "cannotDynamax": false
}