{
  "type": "minecraft:archaeology",
  "pools": [
    {
      "bonus_rolls": 0.0,
      "entries": [
        {
          "type": "minecraft:item",
          "name": "minecraft:raw_copper",
          "weight": 6
        },
        {
          "type": "minecraft:item",
          "name": "minecraft:raw_iron",
          "weight": 4
        },
        {
          "type": "minecraft:item",
          "name": "minecraft:raw_gold",
          "weight": 2
        },
        {
          "type": "minecraft:item",
          "name": "minecraft:coal",
          "weight": 6
        },
        {
          "type": "minecraft:item",
          "name": "minecraft:bone",
          "weight": 6
        },
        {
          "type": "minecraft:item",
          "name": "cobblemon:sun_stone",
          "weight": 1
        },
        {
          "type": "minecraft:item",
          "name": "mega_showdown:zygarde_cell",
          "weight": 1
        }
      ],
      "rolls": 1.0
    }
  ],
  "random_sequence": "mega_showdown:archaeological_site/archaeological_site"
}