{
  "type": "minecraft:archaeology",
  "pools": [
    {
      "rolls": 1,
      "entries": [
        {
          "type": "minecraft:item",
          "name": "mega_showdown:sparkling_stone_light",
          "weight": 5
        },
        {
          "type": "minecraft:item",
          "name": "mega_showdown:sparkling_stone_dark",
          "weight": 1
        },
        {
          "type": "minecraft:item",
          "name": "mega_showdown:rusted_sword",
          "weight": 5
        },        
        {
          "type": "minecraft:item",
          "name": "mega_showdown:rusted_shield",
          "weight": 5
        }
      ]
    }
  ],
  "random_sequence": "mega_showdown:archaeological_site/archaeological_site_rare"
  }