{
  "type": "minecraft:chest",
  "pools": [
    {
      "rolls": {
        "type": "minecraft:uniform",
        "min": 1,
        "max": 2
      },
      "entries": [
        {
          "type": "minecraft:item",
          "name": "mega_showdown:zygarde_cell",
          "weight": 1
        }
      ]
    },
    {
      "entries": [
		   {
          "type": "minecraft:loot_table",
          "value": "minecraft:cobblemon/healing_status",
          "weight": 5
        },
        {
          "type": "minecraft:loot_table",
          "value": "minecraft:cobblemon/evolutionary",
          "weight": 2
        },
        {
          "type": "minecraft:item",
          "name": "cobblemon:super_potion",
          "functions": [
            {
              "add": false,
              "count": {
                "type": "minecraft:uniform",
                "max": 3.0,
                "min": 1.0
              },
              "function": "minecraft:set_count"
            }
          ]
        }
      ],
      "rolls": {
          "type": "minecraft:uniform",
          "max": 2.0,
          "min": 1.0
        }
    }
  ],
  "random_sequence": "mega_showdown:archaeological_site/archaeological_site_chest"
}