{
  "type": "minecraft:chest",
  "pools": [
    {
      "rolls": {
        "type": "minecraft:uniform",
        "min": 1,
        "max": 1
      },
      "entries": [
        {
          "type": "minecraft:item",
          "name": "mega_showdown:burndrive",
          "weight": 1
        },
        {
          "type": "minecraft:item",
          "name": "mega_showdown:dousedrive",
          "weight": 1
        },
        {
          "type": "minecraft:item",
          "name": "mega_showdown:chilldrive",
          "weight": 1
        },
        {
          "type": "minecraft:item",
          "name": "mega_showdown:shockdrive",
          "weight": 1
        }
      ]
    }
  ]
}