{
  "type": "minecraft:chest",
  "pools": [
    {
      "rolls": {
        "type": "minecraft:uniform",
        "min": 1,
        "max": 1
      },
      "entries": [
        {
          "type": "minecraft:item",
          "name": "mega_showdown:bugmemory"
        },
        {
          "type": "minecraft:item",
          "name": "mega_showdown:darkmemory"
        },
        {
          "type": "minecraft:item",
          "name": "mega_showdown:dragonmemory"
        },
        {
          "type": "minecraft:item",
          "name": "mega_showdown:electricmemory"
        },
        {
          "type": "minecraft:item",
          "name": "mega_showdown:fairymemory"
        },
        {
          "type": "minecraft:item",
          "name": "mega_showdown:fightingmemory"
        },
        {
          "type": "minecraft:item",
          "name": "mega_showdown:firememory"
        },
        {
          "type": "minecraft:item",
          "name": "mega_showdown:flyingmemory"
        },
        {
          "type": "minecraft:item",
          "name": "mega_showdown:ghostmemory"
        },
        {
          "type": "minecraft:item",
          "name": "mega_showdown:grassmemory"
        },
        {
          "type": "minecraft:item",
          "name": "mega_showdown:groundmemory"
        },
        {
          "type": "minecraft:item",
          "name": "mega_showdown:icememory"
        },
        {
          "type": "minecraft:item",
          "name": "mega_showdown:poisonmemory"
        },
        {
          "type": "minecraft:item",
          "name": "mega_showdown:psychicmemory"
        },
        {
          "type": "minecraft:item",
          "name": "mega_showdown:rockmemory"
        },
        {
          "type": "minecraft:item",
          "name": "mega_showdown:steelmemory"
        },
        {
          "type": "minecraft:item",
          "name": "mega_showdown:watermemory"
        }
      ]
    }
  ],
  "functions": []
}