{
  "type": "minecraft:chest",
  "pools": [
    {
      "rolls": {
        "min": 2,
        "max": 4
      },
      "entries": [
        { "type": "item", "name": "minecraft:air", "weight": 8 },
        {
          "type": "item",
          "name": "minecraft:redstone",
          "weight": 2,
          "functions": [
            {
              "function": "minecraft:set_count",
              "count": { "type": "minecraft:uniform", "max": 6.0, "min": 1.0 }
            }
          ]
        },
        {
          "type": "item",
          "name": "minecraft:torch",
          "weight": 2,
          "functions": [
            {
              "function": "minecraft:set_count",
              "count": { "type": "minecraft:uniform", "max": 4.0, "min": 1.0 }
            }
          ]
        },
        { "type": "item", "name": "minecraft:cobweb", "weight": 8 },
        { "type": "item", "name": "cobblemon:ancient_poke_ball", "weight": 1 },
        { "type": "item", "name": "cobblemon:black_apricorn", "weight": 1 },
        {
          "type": "item",
          "name": "minecraft:iron_ingot",
          "weight": 2,
          "functions": [
            {
              "function": "minecraft:set_count",
              "count": { "type": "minecraft:uniform", "max": 5.0, "min": 1.0 }
            }
          ]
        },
        {
          "type": "item",
          "name": "minecraft:gold_ingot",
          "weight": 2,
          "functions": [
            {
              "function": "minecraft:set_count",
              "count": { "type": "minecraft:uniform", "max": 5.0, "min": 1.0 }
            }
          ]
        },
        { "type": "item", "name": "minecraft:leather", "weight": 4 },
        { "type": "item", "name": "cobblemon:light_clay", "weight": 1 },
        {
          "type": "item",
          "name": "minecraft:string",
          "weight": 6,
          "functions": [
            {
              "function": "minecraft:set_count",
              "count": { "type": "minecraft:uniform", "max": 5.0, "min": 1.0 }
            }
          ]
        },
        { "type": "item", "name": "minecraft:leather", "weight": 4 },
        { "type": "item", "name": "cobblemon:light_clay", "weight": 1 }
      ]
    },
    {
      "rolls": {
        "min": 1,
        "max": 4
      },
      "entries": [
        { "type": "item", "name": "minecraft:cobweb", "weight": 8 },
        { "type": "item", "name": "cobblemon:miracle_seed", "weight": 1 },
        { "type": "item", "name": "cobblemon:poke_ball", "weight": 4 },
        { "type": "item", "name": "cobblemon:great_ball", "weight": 2 },
        { "type": "item", "name": "cobblemon:ultra_ball", "weight": 1 },
        { "type": "item", "name": "cobblemon:metal_powder", "weight": 1 },
        {
          "type": "item",
          "name": "minecraft:glowstone_dust",
          "weight": 4,
          "functions": [
            {
              "function": "minecraft:set_count",
              "count": { "type": "minecraft:uniform", "max": 5.0, "min": 1.0 }
            }
          ]
        },
        { "type": "item", "name": "minecraft:glowstone_dust", "weight": 1 }
      ]
    },
    {
      "rolls": {
        "min": 0,
        "max": 1
      },
      "entries": [
        { "type": "item", "name": "minecraft:cobweb", "weight": 20 },
        { "type": "item", "name": "cobblemon:choice_band", "weight": 1 },
        { "type": "item", "name": "cobblemon:poke_rod", "weight": 1 },
        { "type": "item", "name": "cobblemon:binding_band", "weight": 1 },
        { "type": "item", "name": "cobblemon:black_belt", "weight": 1 },
        { "type": "item", "name": "cobblemon:black_sludge", "weight": 1 },
        { "type": "item", "name": "cobblemon:eviolite", "weight": 1 },
        { "type": "item", "name": "cobblemon:iron_ball", "weight": 1 },
        { "type": "item", "name": "cobblemon:bright_powder", "weight": 1 },
        { "type": "item", "name": "cobblemon:dragon_fang", "weight": 1 },
        { "type": "item", "name": "cobblemon:float_stone", "weight": 1 },
        { "type": "item", "name": "cobblemon:life_orb", "weight": 1 },
        { "type": "item", "name": "cobblemon:light_ball", "weight": 1 }
      ]
    },{
      "rolls": {
        "min": 0,
        "max": 1
      },
      "entries": [
        { "type": "item", "name": "minecraft:cobweb", "weight": 20 },
        { "type": "item", "name": "cobblemon:choice_band", "weight": 1 },
        { "type": "item", "name": "cobblemon:poke_rod", "weight": 1 },
        { "type": "item", "name": "cobblemon:binding_band", "weight": 1 },
        { "type": "item", "name": "cobblemon:black_belt", "weight": 1 },
        { "type": "item", "name": "cobblemon:black_sludge", "weight": 1 },
        { "type": "item", "name": "cobblemon:eviolite", "weight": 1 },
        { "type": "item", "name": "cobblemon:iron_ball", "weight": 1 },
        { "type": "item", "name": "cobblemon:bright_powder", "weight": 1 },
        { "type": "item", "name": "cobblemon:dragon_fang", "weight": 1 },
        { "type": "item", "name": "cobblemon:float_stone", "weight": 1 },
        { "type": "item", "name": "cobblemon:life_orb", "weight": 1 },
        { "type": "item", "name": "cobblemon:light_ball", "weight": 1 }
      ]
    }
  ]
}