{
  "type": "minecraft:chest",
  "pools": [
    {
      "rolls": {
        "min": 2,
        "max": 4
      },
      "entries": [
        { "type": "minecraft:item", "name": "minecraft:air", "weight": 8 },
        { "type": "minecraft:item", "name": "minecraft:book", "weight": 1 },
        {
          "type": "item",
          "name": "minecraft:string",
          "weight": 2,
          "functions": [
            {
              "function": "minecraft:set_count",
              "count": { "type": "minecraft:uniform", "max": 3, "min": 1 }
            }
          ]
        },
        { "type": "minecraft:item", "name": "minecraft:leather", "weight": 1 },
        { "type": "minecraft:item", "name": "minecraft:paper", "weight": 1 },
        { "type": "minecraft:item", "name": "minecraft:lantern", "weight": 3 },
        { "type": "minecraft:item", "name": "cobblemon:revive", "weight": 1 },
        { "type": "minecraft:item", "name": "cobblemon:remedy", "weight": 1 },
        { "type": "minecraft:item", "name": "minecraft:leather_boots", "weight": 1 },
        {
          "type": "minecraft:item",
          "name": "cobblemon:poke_ball",
          "weight": 2,
          "functions": [
            {
              "function": "minecraft:set_count",
              "count": { "type": "minecraft:uniform", "max": 3.0, "min": 1.0 }
            }
          ]
        },
        { "type": "minecraft:item", "name": "cobblemon:citrine_ball", "weight": 1 },
        { "type": "minecraft:item", "name": "cobblemon:verdant_ball", "weight": 1 },
        { "type": "minecraft:item", "name": "cobblemon:azure_ball", "weight": 1 },
        { "type": "minecraft:item", "name": "cobblemon:slate_ball", "weight": 1 }
      ]
    },
    {
      "rolls": {
        "min": 2,
        "max": 6
      },
      "entries": [
        { "type": "minecraft:item", "name": "minecraft:air", "weight": 5 },
        { "type": "minecraft:item", "name": "cobblemon:red_apricorn", "weight": 1 },
        { "type": "minecraft:item", "name": "cobblemon:blue_apricorn", "weight": 1 },
        { "type": "minecraft:item", "name": "cobblemon:yellow_apricorn", "weight": 1 },
        { "type": "minecraft:item", "name": "cobblemon:black_apricorn", "weight": 1 },
        { "type": "minecraft:item", "name": "cobblemon:green_apricorn", "weight": 1 }
      ]
    },
    {
      "rolls": {
        "min": 1,
        "max": 2
      },
      "entries": [
        { "type": "minecraft:item", "name": "minecraft:air", "weight": 12 },
        { "type": "minecraft:item", "name": "cobblemon:exp_candy_s", "weight": 8 },
        { "type": "minecraft:item", "name": "cobblemon:link_cable", "weight": 2 },
        { "type": "minecraft:item", "name": "cobblemon:cleanse_tag", "weight": 1 },
        { "type": "minecraft:item", "name": "minecraft:name_tag", "weight": 2 }
      ]
    },
    {
      "rolls": {
        "min": 0,
        "max": 2
      },
      "entries": [
        { "type": "minecraft:item", "name": "minecraft:air", "weight": 15 },
        { "type": "minecraft:item", "name": "cobblemon:great_ball", "weight": 2 },
        { "type": "minecraft:item", "name": "cobblemon:ultra_ball", "weight": 1 },
        { "type": "minecraft:item", "name": "cobblemon:exp_candy_m", "weight": 2 },
        { "type": "minecraft:item", "name": "cobblemon:heavy_duty_boots", "weight": 1 },
        { "type": "minecraft:item", "name": "cobblemon:rare_candy", "weight": 1 },
        { "type": "minecraft:item", "name": "cobblemon:quick_ball", "weight": 2 },
        { "type": "minecraft:item", "name": "cobblemon:dusk_ball", "weight": 2 }
      ]
    }
  ]
}