{
  "type": "minecraft:chest",
  "pools": [
    {
      "rolls": {
        "min": 3,
        "max": 5
      },
      "entries": [
        { "type": "item", "name": "minecraft:air", "weight": 40 },
        {
          "type": "item",
          "name": "minecraft:bread",
          "weight": 6,
          "functions": [
            {
              "function": "minecraft:set_count",
              "count": { "type": "minecraft:uniform", "max": 6, "min": 1 }
            }
          ]
        },
        {
          "type": "item",
          "name": "minecraft:apple",
          "weight": 2,
          "functions": [
            {
              "function": "minecraft:set_count",
              "count": { "type": "minecraft:uniform", "max": 3, "min": 1 }
            }
          ]
        },
        {
          "type": "item",
          "name": "minecraft:baked_potato",
          "weight": 3,
          "functions": [
            {
              "function": "minecraft:set_count",
              "count": { "type": "minecraft:uniform", "max": 3, "min": 1 }
            }
          ]
        },
        {
          "type": "item",
          "name": "minecraft:cooked_porkchop",
          "weight": 3,
          "functions": [
            {
              "function": "minecraft:set_count",
              "count": { "type": "minecraft:uniform", "max": 5, "min": 1 }
            }
          ]
        },
        {
          "type": "item",
          "name": "minecraft:cooked_beef",
          "weight": 3,
          "functions": [
            {
              "function": "minecraft:set_count",
              "count": { "type": "minecraft:uniform", "max": 3, "min": 1 }
            }
          ]
        },
        {
          "type": "item",
          "name": "minecraft:cooked_mutton",
          "weight": 3,
          "functions": [
            {
              "function": "minecraft:set_count",
              "count": { "type": "minecraft:uniform", "max": 4, "min": 1 }
            }
          ]
        },
        {
          "type": "item",
          "name": "minecraft:pumpkin_pie",
          "weight": 3,
          "functions": [
            {
              "function": "minecraft:set_count",
              "count": { "type": "minecraft:uniform", "max": 2, "min": 1 }
            }
          ]
        },
        { "type": "minecraft:item", "name": "minecraft:rabbit_stew", "weight": 1 },
        { "type": "minecraft:item", "name": "minecraft:mushroom_stew", "weight": 1 },
        { "type": "minecraft:item", "name": "minecraft:beetroot_soup", "weight": 1 },
        { "type": "minecraft:item", "name": "minecraft:dried_kelp", "weight": 1 },
        {
          "type": "item",
          "name": "minecraft:sweet_berries",
          "weight": 3,
          "functions": [
            {
              "function": "minecraft:set_count",
              "count": { "type": "minecraft:uniform", "max": 12, "min": 1 }
            }
          ]
        },
        { "type": "minecraft:item", "name": "minecraft:honey_bottle", "weight": 1 },
        { "type": "minecraft:item", "name": "minecraft:milk_bucket", "weight": 1 },
        { "type": "minecraft:item", "name": "minecraft:egg", "weight": 3 },
        { "type": "minecraft:item", "name": "minecraft:sugar", "weight": 3 },
        {
          "type": "item",
          "name": "minecraft:wheat",
          "weight": 1,
          "functions": [
            {
              "function": "minecraft:set_count",
              "count": { "type": "minecraft:uniform", "max": 16, "min": 1 }
            }
          ]
        },
        { "type": "minecraft:item", "name": "minecraft:cocoa_beans", "weight": 1 },
        { "type": "minecraft:item", "name": "minecraft:beetroot", "weight": 2 },
        { "type": "minecraft:item", "name": "minecraft:carrot", "weight": 4 },
        { "type": "minecraft:item", "name": "minecraft:brown_mushroom", "weight": 1 },
        { "type": "minecraft:item", "name": "minecraft:red_mushroom", "weight": 1 },
        { "type": "minecraft:item", "name": "minecraft:glow_berries", "weight": 1 },
        { "type": "minecraft:item", "name": "minecraft:melon_slice", "weight": 1 },
        { "type": "minecraft:item", "name": "minecraft:pumpkin", "weight": 1 },
        { "type": "minecraft:item", "name": "minecraft:cooked_salmon", "weight": 3 },
        { "type": "minecraft:item", "name": "minecraft:cooked_cod", "weight": 2 },
        { "type": "minecraft:item", "name": "cobblemon:vivichoke_dip", "weight": 3 },
        { "type": "minecraft:item", "name": "cobblemon:leek_and_potato_stew", "weight": 3 },
        { "type": "minecraft:item", "name": "cobblemon:braised_vivichoke", "weight": 1 },
        { "type": "minecraft:item", "name": "cobblemon:roasted_leek", "weight": 1 }
      ]
    },
    {
      "rolls": { "min": 0, "max": 1 },
      "entries": [
        { "type": "item", "name": "minecraft:air", "weight": 10 },
        { "type": "minecraft:item", "name": "minecraft:popped_chorus_fruit", "weight": 1 },
        { "type": "minecraft:item", "name": "minecraft:glistering_melon_slice", "weight": 1 },
        { "type": "minecraft:item", "name": "minecraft:golden_carrot", "weight": 1 }
      ]
    },
    {
      "rolls": { "min": 0, "max": 3 },
      "entries": [
        { "type": "item", "name": "minecraft:air", "weight": 20 },
        { "type": "minecraft:item", "name": "cobblemon:energy_root", "weight": 1 },
        { "type": "minecraft:item", "name": "cobblemon:big_root", "weight": 1 },
        { "type": "minecraft:item", "name": "cobblemon:revival_herb", "weight": 1 },
        { "type": "minecraft:item", "name": "cobblemon:remedy", "weight": 1 },
        { "type": "minecraft:item", "name": "cobblemon:fine_remedy", "weight": 1 },
        { "type": "minecraft:item", "name": "cobblemon:superb_remedy", "weight": 1 },
        { "type": "minecraft:item", "name": "cobblemon:heal_powder", "weight": 1 }
      ]
    },
    {
      "rolls": { "min": 0, "max": 1 },
      "entries": [
        { "type": "minecraft:item", "name": "minecraft:air", "weight": 15 },
        { "type": "minecraft:item", "name": "cobblemon:berry_sweet", "weight": 1 },
        { "type": "minecraft:item", "name": "cobblemon:strawberry_sweet", "weight": 1 },
        { "type": "minecraft:item", "name": "cobblemon:leftovers", "weight": 1 },
        { "type": "minecraft:item", "name": "cobblemon:twisted_spoon", "weight": 1 },
        { "type": "minecraft:item", "name": "cobblemon:charcoal_stick", "weight": 1 },
        { "type": "minecraft:item", "name": "cobblemon:lucky_egg", "weight": 1 }
      ]
    },
    {
      "rolls": { "min": 0, "max": 2 },
      "entries": [
        { "type": "minecraft:item", "name": "minecraft:bowl", "weight": 1 },
        { "type": "minecraft:item", "name": "minecraft:glass_bottle", "weight": 1 },
        { "type": "minecraft:item", "name": "minecraft:potion", "weight": 1 }
      ]
    },
    {
      "rolls": {
        "min": 0,
        "max": 4
      },
      "entries": [
        { "type": "minecraft:item", "name": "minecraft:air", "weight": 15 },
        {
          "type": "item",
          "name": "minecraft:redstone",
          "weight": 3,
          "functions": [
            {
              "function": "minecraft:set_count",
              "count": { "type": "minecraft:uniform", "max": 8, "min": 1 }
            }
          ]
        },
        {
          "type": "item",
          "name": "minecraft:coal",
          "weight": 3,
          "functions": [
            {
              "function": "minecraft:set_count",
              "count": { "type": "minecraft:uniform", "max": 4, "min": 1 }
            }
          ]
        },
        { "type": "minecraft:item", "name": "minecraft:water_bucket", "weight": 1 },
        {
          "type": "item",
          "name": "minecraft:torch",
          "weight": 3,
          "functions": [
            {
              "function": "minecraft:set_count",
              "count": { "type": "minecraft:uniform", "max": 10, "min": 1 }
            }
          ]
        },
        { "type": "minecraft:item", "name": "minecraft:wheat_seeds", "weight": 1 }
      ]
    }
  ]
}
