{
  "type": "minecraft:chest",
  "pools": [
    {
      "rolls": {
        "min": 2,
        "max": 4
      },
      "entries": [
        { "type": "minecraft:item", "name": "minecraft:air", "weight": 10 },
        { "type": "minecraft:item", "name": "cobblemon:potion", "weight": 4 },
        { "type": "minecraft:item", "name": "cobblemon:antidote", "weight": 3 },
        { "type": "minecraft:item", "name": "cobblemon:paralyze_heal", "weight": 3 },
        { "type": "minecraft:item", "name": "cobblemon:awakening", "weight": 3 },
        { "type": "minecraft:item", "name": "cobblemon:burn_heal", "weight": 3 },
        { "type": "minecraft:item", "name": "cobblemon:ice_heal", "weight": 3 },
        { "type": "minecraft:item", "name": "cobblemon:remedy", "weight": 2 },
        { "type": "minecraft:item", "name": "cobblemon:energy_root", "weight": 2 },
        { "type": "minecraft:item", "name": "cobblemon:exp_candy_xs", "weight": 4 },
        {
          "type": "item",
          "name": "cobblemon:exp_candy_s",
          "weight": 1,
          "functions": [
            {
              "function": "minecraft:set_count",
              "count": { "type": "minecraft:uniform", "max": 3, "min": 1 }
            }
          ]
        },
        {
          "type": "item",
          "name": "cobblemon:poke_ball",
          "weight": 4,
          "functions": [
            {
              "function": "minecraft:set_count",
              "count": { "type": "minecraft:uniform", "max": 3, "min": 1 }
            }
          ]
        },
        { "type": "minecraft:item", "name": "cobblemon:poke_ball", "weight": 6 },
        { "type": "minecraft:item", "name": "cobblemon:citrine_ball", "weight": 5 },
        { "type": "minecraft:item", "name": "cobblemon:verdant_ball", "weight": 5 },
        { "type": "minecraft:item", "name": "cobblemon:azure_ball", "weight": 5 },
        { "type": "minecraft:item", "name": "cobblemon:slate_ball", "weight": 5 }
      ]
    },
    {
      "rolls": {
        "min": 1,
        "max": 2
      },
      "entries": [
        { "type": "minecraft:item", "name": "minecraft:air", "weight": 8 },
        { "type": "minecraft:item", "name": "cobblemon:super_potion", "weight": 4 },
        { "type": "minecraft:item", "name": "cobblemon:full_heal", "weight": 1 },
        { "type": "minecraft:item", "name": "cobblemon:revive", "weight": 2 },
        { "type": "minecraft:item", "name": "cobblemon:fine_remedy", "weight": 2 },
        { "type": "minecraft:item", "name": "cobblemon:superb_remedy", "weight": 1 },
        { "type": "minecraft:item", "name": "cobblemon:exp_candy_m", "weight": 1 }
      ]
    },
    {
      "rolls": {
        "min": 0,
        "max": 2
      },
      "entries": [
        { "type": "minecraft:item", "name": "minecraft:air", "weight": 10 },
        { "type": "minecraft:item", "name": "cobblemon:max_potion", "weight": 1 },
        { "type": "minecraft:item", "name": "cobblemon:full_restore", "weight": 1 },
        { "type": "minecraft:item", "name": "cobblemon:max_revive", "weight": 1 },
        { "type": "minecraft:item", "name": "cobblemon:exp_candy_l", "weight": 1 },
        { "type": "minecraft:item", "name": "cobblemon:rare_candy", "weight": 1 }
      ]
    }
  ]
}