{
  "type": "minecraft:chest",
  "pools": [
    {
      "rolls": {
        "min": 3,
        "max": 4
      },
      "entries": [
        { "type": "item", "name": "minecraft:air", "weight": 12 },
        { "type": "item", "name": "minecraft:book", "weight": 4 },
        { "type": "item", "name": "minecraft:writable_book", "weight": 2 },
        {
          "type": "item",
          "name": "minecraft:paper",
          "weight": 8,
          "functions": [
            {
              "function": "minecraft:set_count",
              "count": { "type": "minecraft:uniform", "max": 12, "min": 2 }
            }
          ]
        },
        {
          "type": "item",
          "name": "minecraft:feather",
          "weight": 4,
          "functions": [
            {
              "function": "minecraft:set_count",
              "count": { "type": "minecraft:uniform", "max": 5.0, "min": 2.0 }
            }
          ]
        },
        { "type": "item", "name": "minecraft:experience_bottle", "weight": 1 },
        {
          "type": "item",
          "name": "cobblemon:relic_coin",
          "weight": 1,
          "functions": [
            {
              "function": "minecraft:set_count",
              "count": { "type": "minecraft:uniform", "max": 5, "min": 1 }
            }
          ]
        }
      ]
    },
    {
      "rolls": {
        "min": 1,
        "max": 2
      },
      "entries": [
        { "type": "item", "name": "minecraft:air", "weight": 12 },
        {
          "type": "item",
          "name": "minecraft:book",
          "weight": 2,
          "functions": [
            {
              "function": "enchant_randomly",
              "treasure": true
            }
          ]
        },
        { "type": "item", "name": "cobblemon:revive", "weight": 3 },
        { "type": "item", "name": "cobblemon:eject_button", "weight": 1 }
      ]
    },
    {
      "rolls": {
        "min": 0,
        "max": 1
      },
      "entries": [
        { "type": "item", "name": "minecraft:air", "weight": 20 },
        { "type": "item", "name": "cobblemon:quick_claw", "weight": 1 },
        { "type": "item", "name": "cobblemon:loaded_dice", "weight": 1 },
        { "type": "item", "name": "cobblemon:magnet", "weight": 1 },
        { "type": "item", "name": "cobblemon:shell_bell", "weight": 1 },
        { "type": "item", "name": "cobblemon:choice_band", "weight": 1 },
        { "type": "item", "name": "cobblemon:choice_scarf", "weight": 1 },
        { "type": "item", "name": "cobblemon:fairy_feather", "weight": 1 },
        { "type": "item", "name": "cobblemon:metal_coat", "weight": 1 },
        { "type": "item", "name": "cobblemon:destiny_knot", "weight": 2 },
        { "type": "item", "name": "cobblemon:cleanse_tag", "weight": 2 }
      ]
    }
  ]
}