{
    "enabled": "true",
    "neededInstalledMods": [],
    "neededUninstalledMods": [],
    "spawns": [
        {
            "id": "leavanny-1",
            "pokemon": "leavanny",
            "presets": [
                "natural",
                "wild"
            ],
            "type": "pokemon",
            "context": "grounded",
            "bucket": "rare",
            "level": "38-55",
            "weight": 3.0,
            "condition": {
                "biomes": [
                    "#cobblemon:is_forest"
                ],
                "timeRange": "day"
            }
        }
    ]
}