{
    "enabled": true,
    "neededInstalledMods": [],
    "neededUninstalledMods": [],
    "spawns": [
        {
            "id": "darmanitan-1",
            "pokemon": "darmanitan",
            "presets": [
                "natural"
            ],
            "type": "pokemon",
            "context": "grounded",
            "bucket": "common",
            "level": "36-64",
            "weight": 5.4,
            "condition": {
                "minSkyLight": 8,
                "maxSkyLight": 15,
                "biomes": [
                    "#cobblemon:is_desert",
                    "#cobblemon:is_jungle"
                ],
                "structures": [
                    "#cobblemon:ruin"
                ]
            }
        },
        {
            "id": "darmanitan-2",
            "pokemon": "darmanitan",
            "presets": [
                "natural",
                "desert_pyramid"
            ],
            "type": "pokemon",
            "context": "grounded",
            "bucket": "common",
            "level": "36-56",
            "weight": 5.4,
            "condition": {
                "minSkyLight": 8,
                "maxSkyLight": 15,
                "biomes": [
                    "#cobblemon:is_desert"
                ]
            }
        },
        {
            "id": "darmanitan-3",
            "pokemon": "darmanitan",
            "presets": [
                "natural",
                "jungle_pyramid"
            ],
            "type": "pokemon",
            "context": "grounded",
            "bucket": "common",
            "level": "35-54",
            "weight": 5.4,
            "condition": {
                "minSkyLight": 8,
                "maxSkyLight": 15,
                "biomes": [
                    "#cobblemon:is_jungle"
                ]
            }
        },
        {
            "id": "darmanitan-4",
            "pokemon": "darmanitan galarian",
            "presets": [
                "natural"
            ],
            "type": "pokemon",
            "context": "grounded",
            "bucket": "rare",
            "level": "35-55",
            "weight": 3.5,
            "condition": {
                "canSeeSky": true,
                "biomes": [
                "#cobblemon:is_freezing",
                "#cobblemon:is_cold"
                ]
            }
        }
    ]
}