{
    "enabled": true,
    "neededInstalledMods": [],
    "neededUninstalledMods": [],
    "spawns": [
        {
            "id": "kingambit-1",
            "pokemon": "kingambit",
            "presets": [
                "natural"
            ],
            "type": "pokemon",
            "context": "grounded",
            "bucket": "ultra-rare",
            "level": "52-75",
            "weight": 1.0,
            "condition": {
                "biomes": [
                    "minecraft:bamboo_jungle"
                ]
            }
        }
    ]
}