{
  "pools": [
    {
      "rolls": {
        "type": "minecraft:uniform",
        "min": 2,
        "max": 4
      },
      "entries": [
        {
          "type": "minecraft:item",
          "name": "minecraft:lapis_lazuli",
          "weight": 10,
          "functions": [
            {
              "function": "minecraft:set_count",
              "count": {
                "type": "minecraft:uniform",
                "min": 2,
                "max": 6
              }
            }
          ]
        },
        {
          "type": "minecraft:item",
          "name": "minecraft:iron_ingot",
          "weight": 10,
          "functions": [
            {
              "function": "minecraft:set_count",
              "count": {
                "type": "minecraft:uniform",
                "min": 2,
                "max": 6
              }
            }
          ]
        },
        {
          "type": "minecraft:item",
          "name": "minecraft:gold_nugget",
          "weight": 15,
          "functions": [
            {
              "function": "minecraft:set_count",
              "count": {
                "type": "minecraft:uniform",
                "min": 3,
                "max": 10
              }
            }
          ]
        },
        {
          "type": "minecraft:item",
          "name": "minecraft:iron_nugget",
          "weight": 15,
          "functions": [
            {
              "function": "minecraft:set_count",
              "count": {
                "type": "minecraft:uniform",
                "min": 3,
                "max": 10
              }
            }
          ]
        },
        {
          "type": "minecraft:item",
          "name": "minecraft:coal",
          "weight": 15,
          "functions": [
            {
              "function": "minecraft:set_count",
              "count": {
                "type": "minecraft:uniform",
                "min": 3,
                "max": 6
              }
            }
          ]
        }
      ]
    },
    {
      "rolls": {
        "type": "minecraft:uniform",
        "min": 2,
        "max": 3
      },
      "entries": [
        {
          "type": "minecraft:loot_table",
          "value": "minecraft:cobblemon/berries",
          "weight": 5
        },
        {
          "type": "minecraft:loot_table",
          "value": "minecraft:cobblemon/foods",
          "weight": 2
        }
      ]
    }
  ]
}
