{
  "parent": "cobbleverse:trainer/hoenn/defeat_champion_rocco",
  "display": {
    "title": {
      "translate": "advancements.cobbleverse.catch_deoxys"
    },
    "description": {
      "translate": "advancements.cobbleverse.catch_deoxys.description"
    },
    "icon": {
      "id": "lumymon:meteorite_crystal"
    },
    "announce_to_chat": true,
    "show_toast": true,
    "hidden": false,
    "frame": "goal"
  },
  "criteria": {
    "caught_deoxys": {
      "trigger": "cobblemon:aspects_collected",
      "conditions": {
        "pokemon": "cobblemon:deoxys",
        "aspects": ["mythical"]
      }
    }
  },
  "requirements": [
    [
      "caught_deoxys"
    ]
  ]
}