{
  "parent": "cobbleverse:pokemon/catch_latias_shiny",
  "display": {
    "title": {
      "translate": "advancements.cobbleverse.catch_latios"
    },
    "description": {
      "translate": "advancements.cobbleverse.catch_latios.description"
    },
    "icon": {
      "id": "lumymon:sapphire_dew"
    },
    "announce_to_chat": true,
    "show_toast": true,
    "hidden": false,
    "frame": "goal"
  },
  "criteria": {
    "caught_latios": {
      "trigger": "cobblemon:aspects_collected",
      "conditions": {
        "pokemon": "cobblemon:latios",
        "aspects": ["legendary"]
      }
    }
  },
  "requirements": [
    [
      "caught_latios"
    ]
  ]
}