{
  "parent": "cobbleverse:trainer/hoenn/defeat_champion_rocco",
  "display": {
    "title": {
      "translate": "advancements.cobbleverse.catch_latias"
    },
    "description": {
      "translate": "advancements.cobbleverse.catch_latias.description"
    },
    "icon": {
      "id": "lumymon:ruby_dew"
    },
    "announce_to_chat": true,
    "show_toast": true,
    "hidden": false,
    "frame": "goal"
  },
  "criteria": {
    "caught_latias": {
      "trigger": "cobblemon:aspects_collected",
      "conditions": {
        "pokemon": "cobblemon:latias",
        "aspects": ["legendary"]
      }
    }
  },
  "requirements": [
    [
      "caught_latias"
    ]
  ]
}