{
  "implemented": true,
  "nationalPokedexNumber": 149,
  "name": "Dragonite",
  "primaryType": "dragon",
  "secondaryType": "flying",
  "maleRatio": 0.5,
  "height": 22,
  "weight": 2100,
  "pokedex": [
    "cobblemon.species.dragonite.desc"
  ],
  "labels": [
    "gen1",
    "powerhouse"
  ],
  "aspects": [],
  "abilities": [
    "innerfocus",
    "h:multiscale"
  ],
  "eggGroups": [
    "water_1",
    "dragon"
  ],
  "baseStats": {
    "hp": 91,
    "attack": 134,
    "defence": 95,
    "special_attack": 100,
    "special_defence": 100,
    "speed": 80
  },
  "evYield": {
    "hp": 0,
    "attack": 3,
    "defence": 0,
    "special_attack": 0,
    "special_defence": 0,
    "speed": 0
  },
  "baseExperienceYield": 300,
  "experienceGroup": "slow",
  "catchRate": 45,
  "eggCycles": 40,
  "baseFriendship": 35,
  "baseScale": 0.9,
  "hitbox": {
    "width": 1.5,
    "height": 3.2,
    "fixed": false
  },
  "behaviour": {
    "moving": {
      "swim": {
        "canWalkOnWater": true,
        "canBreatheUnderwater": true,
        "canSwimInWater": true,
        "canSwimInLava": false,
        "swimSpeed": "0.2"
      },
      "fly": {
        "canFly": true
      },
      "walk": {
        "walkSpeed": 0.2
      }
    }
  },
  "drops": {
    "amount": 6,
    "entries": [
      {
        "item": "minecraft:dragon_breath",
        "quantityRange": "0-3"
      },
      {
        "item": "cobblemon:dragon_fang",
        "percentage": 10.0
      },
      {
        "item": "cobblemon:dragon_scale",
        "percentage": 10.0
      },
      {
        "item": "cobblemon:yache_berry",
        "percentage": 10.0
      }
    ]
  },
  "moves": [
    "1:firepunch",
    "1:thunderpunch",
    "1:roost",
    "1:wrap",
    "1:leer",
    "1:thunderwave",
    "1:twister",
    "1:dragonrage",
    "1:wingattack",
    "1:hurricane",
    "1:extremespeed",
    "15:dragontail",
    "20:agility",
    "25:slam",
    "33:aquatail",
    "39:dragonrush",
    "41:outrage",
    "46:safeguard",
    "53:raindance",
    "62:dragondance",
    "80:hyperbeam",
    "egg:aquajet",
    "egg:dragonbreath",
    "egg:extremespeed",
    "egg:mist",
    "egg:supersonic",
    "egg:waterpulse",
    "tm:aerialace",
    "tm:agility",
    "tm:aircutter",
    "tm:airslash",
    "tm:aquatail",
    "tm:bind",
    "tm:blizzard",
    "tm:bodypress",
    "tm:bodyslam",
    "tm:breakingswipe",
    "tm:brickbreak",
    "tm:brutalswing",
    "tm:bulldoze",
    "tm:chillingwater",
    "tm:cut",
    "tm:defog",
    "tm:dive",
    "tm:dracometeor",
    "tm:dragoncheer",
    "tm:dragonclaw",
    "tm:dragondance",
    "tm:dragonpulse",
    "tm:dragontail",
    "tm:earthquake",
    "tm:encore",
    "tm:endure",
    "tm:facade",
    "tm:fireblast",
    "tm:firepunch",
    "tm:firespin",
    "tm:flamethrower",
    "tm:fling",
    "tm:fly",
    "tm:focusblast",
    "tm:focuspunch",
    "tm:furycutter",
    "tm:gigaimpact",
    "tm:hail",
    "tm:haze",
    "tm:headbutt",
    "tm:heatwave",
    "tm:helpinghand",
    "tm:honeclaws",
    "tm:hurricane",
    "tm:hydropump",
    "tm:hyperbeam",
    "tm:icebeam",
    "tm:icepunch",
    "tm:icespinner",
    "tm:icywind",
    "tm:incinerate",
    "tm:ironhead",
    "tm:irontail",
    "tm:lightscreen",
    "tm:lowkick",
    "tm:megakick",
    "tm:megapunch",
    "tm:metronome",
    "tm:ominouswind",
    "tm:outrage",
    "tm:poweruppunch",
    "tm:protect",
    "tm:raindance",
    "tm:rest",
    "tm:roar",
    "tm:rockslide",
    "tm:rocksmash",
    "tm:rocktomb",
    "tm:roost",
    "tm:safeguard",
    "tm:sandstorm",
    "tm:scaleshot",
    "tm:scaryface",
    "tm:shockwave",
    "tm:skydrop",
    "tm:sleeptalk",
    "tm:snowscape",
    "tm:steelwing",
    "tm:stompingtantrum",
    "tm:stoneedge",
    "tm:strength",
    "tm:substitute",
    "tm:sunnyday",
    "tm:superpower",
    "tm:surf",
    "tm:swift",
    "tm:tailwind",
    "tm:takedown",
    "tm:terablast",
    "tm:thunder",
    "tm:thunderbolt",
    "tm:thunderpunch",
    "tm:thunderwave",
    "tm:twister",
    "tm:waterfall",
    "tm:waterpulse",
    "tm:weatherball",
    "tutor:aerialace",
    "tutor:aircutter",
    "tutor:aquatail",
    "tutor:bind",
    "tutor:bulldoze",
    "tutor:defog",
    "tutor:dive",
    "tutor:dracometeor",
    "tutor:dragonpulse",
    "tutor:firepunch",
    "tutor:flamethrower",
    "tutor:focuspunch",
    "tutor:furycutter",
    "tutor:gigaimpact",
    "tutor:heatwave",
    "tutor:helpinghand",
    "tutor:hyperbeam",
    "tutor:icebeam",
    "tutor:icepunch",
    "tutor:icywind",
    "tutor:ironhead",
    "tutor:irontail",
    "tutor:lowkick",
    "tutor:ominouswind",
    "tutor:outrage",
    "tutor:rest",
    "tutor:rockslide",
    "tutor:rocksmash",
    "tutor:roost",
    "tutor:scaleshot",
    "tutor:shockwave",
    "tutor:sleeptalk",
    "tutor:stompingtantrum",
    "tutor:stoneedge",
    "tutor:superpower",
    "tutor:swift",
    "tutor:tailwind",
    "tutor:thunderbolt",
    "tutor:thunderpunch",
    "tutor:twister",
    "tutor:waterpulse"
  ],
  "preEvolution": "dragonair",
  "evolutions": [],
  "forms": [
    { 
      "name": "Mega",
      "primaryType": "dragon",
      "secondaryType": "flying",
      "pokedex": [
        "cobblemon.species.dragonite-mega.desc"
      ],
      "labels": [
        "gen1",
        "mega"
      ],
      "aspects": [
        "mega"
      ],
      "abilities": [
        "aerilate",
        "h:aerilate"
      ],
      "baseStats": {
        "hp": 91,
        "attack": 120,
        "defence": 112,
        "special_attack": 165,
        "special_defence": 112,
        "speed": 100
      },
      "evolutions": [],
      "battleOnly": true
    }
  ]
}