{
  "implemented": true,
  "nationalPokedexNumber": 26,
  "name": "Raichu",
  "primaryType": "electric",
  "maleRatio": 0.5,
  "height": 8,
  "weight": 300,
  "pokedex": [
    "cobblemon.species.raichu.desc"
  ],
  "labels": [
    "gen1",
    "kantonian_form"
  ],
  "aspects": [],
  "abilities": [
    "static",
    "h:lightningrod"
  ],
  "eggGroups": [
    "field",
    "fairy"
  ],
  "baseStats": {
    "hp": 60,
    "attack": 90,
    "defence": 55,
    "special_attack": 90,
    "special_defence": 80,
    "speed": 110
  },
  "evYield": {
    "hp": 0,
    "attack": 0,
    "defence": 0,
    "special_attack": 0,
    "special_defence": 0,
    "speed": 3
  },
  "baseExperienceYield": 243,
  "experienceGroup": "medium_fast",
  "catchRate": 75,
  "eggCycles": 10,
  "baseFriendship": 50,
  "features": [
    "alolan"
  ],
  "baseScale": 0.75,
  "hitbox": {
    "width": 0.8,
    "height": 1.5,
    "fixed": false
  },
  "behaviour": {
    "resting": {
      "canSleep": true,
      "light": "0-4"
    }
  },
  "drops": {
    "amount": 3,
    "entries": [
      {
        "item": "cobblemon:light_ball",
        "percentage": 10.0
      },
      {
        "item": "cobblemon:thunder_stone",
        "percentage": 10.0
      },
      {
        "item": "cobblemon:oran_berry",
        "percentage": 10.0
      }
    ]
  },
  "moves": [
    "1:crunch",
    "1:alluringvoice",
    "1:thundershock",
    "1:tailwhip",
    "1:quickattack",
    "1:thunderpunch",
    "1:thunderwave",
    "1:thunder",
    "1:lightscreen",
    "1:irontail",
    "1:playnice",
    "1:sweetkiss",
    "1:nuzzle",
    "1:nastyplot",
    "1:charm",
    "1:doubleteam",
    "1:electroball",
    "1:feint",
    "1:spark",
    "1:agility",
    "1:slam",
    "1:discharge",
    "1:growl",
    "5:thunderbolt",
    "egg:bestow",
    "egg:bide",
    "egg:charge",
    "egg:disarmingvoice",
    "egg:doubleslap",
    "egg:fakeout",
    "egg:flail",
    "egg:luckychant",
    "egg:present",
    "egg:tickle",
    "egg:wish",
    "tm:agility",
    "tm:alluringvoice",
    "tm:babydolleyes",
    "tm:bodyslam",
    "tm:brickbreak",
    "tm:brutalswing",
    "tm:charge",
    "tm:chargebeam",
    "tm:charm",
    "tm:covet",
    "tm:dig",
    "tm:disarmingvoice",
    "tm:doubleteam",
    "tm:drainingkiss",
    "tm:echoedvoice",
    "tm:eerieimpulse",
    "tm:electricterrain",
    "tm:electroball",
    "tm:electroweb",
    "tm:encore",
    "tm:endeavor",
    "tm:endure",
    "tm:facade",
    "tm:faketears",
    "tm:flash",
    "tm:fling",
    "tm:focusblast",
    "tm:focuspunch",
    "tm:gigaimpact",
    "tm:grassknot",
    "tm:headbutt",
    "tm:helpinghand",
    "tm:hyperbeam",
    "tm:irontail",
    "tm:knockoff",
    "tm:laserfocus",
    "tm:lightscreen",
    "tm:magnetrise",
    "tm:megakick",
    "tm:megapunch",
    "tm:nastyplot",
    "tm:payday",
    "tm:playrough",
    "tm:protect",
    "tm:raindance",
    "tm:reflect",
    "tm:rest",
    "tm:reversal",
    "tm:risingvoltage",
    "tm:rocksmash",
    "tm:rollout",
    "tm:safeguard",
    "tm:shockwave",
    "tm:signalbeam",
    "tm:sleeptalk",
    "tm:speedswap",
    "tm:strength",
    "tm:substitute",
    "tm:surf",
    "tm:swift",
    "tm:takedown",
    "tm:terablast",
    "tm:thief",
    "tm:thunder",
    "tm:thunderbolt",
    "tm:thunderpunch",
    "tm:thunderwave",
    "tm:trailblaze",
    "tm:upperhand",
    "tm:voltswitch",
    "tm:volttackle",
    "tm:wildcharge",
    "tutor:babydolleyes",
    "tutor:chargebeam",
    "tutor:covet",
    "tutor:electroweb",
    "tutor:endeavor",
    "tutor:focuspunch",
    "tutor:gigaimpact",
    "tutor:helpinghand",
    "tutor:hyperbeam",
    "tutor:irontail",
    "tutor:knockoff",
    "tutor:laserfocus",
    "tutor:magnetrise",
    "tutor:playrough",
    "tutor:rest",
    "tutor:risingvoltage",
    "tutor:rocksmash",
    "tutor:rollout",
    "tutor:shockwave",
    "tutor:signalbeam",
    "tutor:sleeptalk",
    "tutor:swift",
    "tutor:thunderbolt",
    "tutor:thunderpunch",
    "tutor:volttackle",
    "tutor:wildcharge"
  ],
  "preEvolution": "pikachu",
  "evolutions": [],
  "forms": [
    {
      "name": "Alola",
      "primaryType": "electric",
      "secondaryType": "psychic",
      "maleRatio": 0.5,
      "height": 7,
      "weight": 210,
      "pokedex": [
        "cobblemon.species.raichu-alola.desc"
      ],
      "labels": [
        "gen7",
        "alolan_form"
      ],
      "aspects": [
        "alolan"
      ],
      "abilities": [
        "surgesurfer",
        "h:surgesurfer"
      ],
      "baseStats": {
        "hp": 60,
        "attack": 85,
        "defence": 50,
        "special_attack": 95,
        "special_defence": 85,
        "speed": 110
      },
      "hitbox": {
        "width": 0.8,
        "height": 1.6,
        "fixed": false
      },
      "behaviour": {
        "resting": {
          "canSleep": true,
          "light": "0-4"
        },
        "moving": {
          "swim": {
            "canWalkOnWater": true
          }
        }
      },
      "moves": [
        "1:psychic",
        "1:thundershock",
        "1:tailwhip",
        "1:quickattack",
        "1:thunderwave",
        "1:thunder",
        "1:lightscreen",
        "1:irontail",
        "1:playnice",
        "1:sweetkiss",
        "1:nuzzle",
        "1:nastyplot",
        "1:charm",
        "1:doubleteam",
        "1:electroball",
        "1:feint",
        "1:spark",
        "1:agility",
        "1:slam",
        "1:discharge",
        "1:growl",
        "5:thunderbolt",
        "egg:bestow",
        "egg:bide",
        "egg:charge",
        "egg:disarmingvoice",
        "egg:doubleslap",
        "egg:fakeout",
        "egg:flail",
        "egg:luckychant",
        "egg:present",
        "egg:tickle",
        "egg:wish",
        "tm:agility",
        "tm:alluringvoice",
        "tm:allyswitch",
        "tm:bodyslam",
        "tm:brickbreak",
        "tm:calmmind",
        "tm:charge",
        "tm:chargebeam",
        "tm:charm",
        "tm:covet",
        "tm:dig",
        "tm:disarmingvoice",
        "tm:doubleteam",
        "tm:drainingkiss",
        "tm:echoedvoice",
        "tm:eerieimpulse",
        "tm:electricterrain",
        "tm:electroball",
        "tm:electroweb",
        "tm:encore",
        "tm:endeavor",
        "tm:endure",
        "tm:expandingforce",
        "tm:facade",
        "tm:faketears",
        "tm:fling",
        "tm:focusblast",
        "tm:focuspunch",
        "tm:gigaimpact",
        "tm:grassknot",
        "tm:helpinghand",
        "tm:hyperbeam",
        "tm:irontail",
        "tm:knockoff",
        "tm:laserfocus",
        "tm:lightscreen",
        "tm:magiccoat",
        "tm:magicroom",
        "tm:magnetrise",
        "tm:megakick",
        "tm:megapunch",
        "tm:nastyplot",
        "tm:payday",
        "tm:playrough",
        "tm:protect",
        "tm:psychic",
        "tm:psychicnoise",
        "tm:psychicterrain",
        "tm:psyshock",
        "tm:raindance",
        "tm:recycle",
        "tm:reflect",
        "tm:rest",
        "tm:reversal",
        "tm:risingvoltage",
        "tm:safeguard",
        "tm:shockwave",
        "tm:signalbeam",
        "tm:skillswap",
        "tm:sleeptalk",
        "tm:speedswap",
        "tm:storedpower",
        "tm:substitute",
        "tm:surf",
        "tm:swift",
        "tm:takedown",
        "tm:telekinesis",
        "tm:terablast",
        "tm:thief",
        "tm:thunder",
        "tm:thunderbolt",
        "tm:thunderpunch",
        "tm:thunderwave",
        "tm:trailblaze",
        "tm:upperhand",
        "tm:voltswitch",
        "tm:volttackle",
        "tm:wildcharge",
        "tutor:allyswitch",
        "tutor:calmmind",
        "tutor:chargebeam",
        "tutor:covet",
        "tutor:electroweb",
        "tutor:endeavor",
        "tutor:expandingforce",
        "tutor:focuspunch",
        "tutor:gigaimpact",
        "tutor:helpinghand",
        "tutor:hyperbeam",
        "tutor:irontail",
        "tutor:knockoff",
        "tutor:laserfocus",
        "tutor:magiccoat",
        "tutor:magicroom",
        "tutor:magnetrise",
        "tutor:playrough",
        "tutor:psychic",
        "tutor:recycle",
        "tutor:rest",
        "tutor:risingvoltage",
        "tutor:shockwave",
        "tutor:signalbeam",
        "tutor:skillswap",
        "tutor:sleeptalk",
        "tutor:swift",
        "tutor:telekinesis",
        "tutor:thunderbolt",
        "tutor:thunderpunch",
        "tutor:volttackle",
        "tutor:wildcharge"
      ],
      "preEvolution": "pikachu",
      "evolutions": [],
      "battleOnly": false
    },
    { 
      "name": "Mega-X",
      "primaryType": "electric",
      "pokedex": [
          "cobblemon.species.raichu-mega-x.desc"
      ],
      "labels": [
          "gen1",
          "mega"
      ],
      "aspects": [
          "mega_x"
      ],
      "abilities": [
          "transistor",
          "h:transistor"
      ],
      "baseStats": {
          "hp": 60,
          "attack": 165,
          "defence": 67,
          "special_attack": 65,
          "special_defence": 67,
          "speed": 151
      },
      "evolutions": [],
      "battleOnly": true
    },
    { 
      "name": "Mega-Y",
      "primaryType": "electric",
      "pokedex": [
        "cobblemon.species.raichu-mega-y.desc"
      ],
      "labels": [
        "gen1",
        "mega"
      ],
      "aspects": [
        "mega_y"
      ],
      "abilities": [
        "transistor",
        "h:transistor"
      ],
      "baseStats": {
        "hp": 60,
        "attack": 65,
        "defence": 67,
        "special_attack": 165,
        "special_defence": 67,
        "speed": 151
      },
      "evolutions": [],
      "battleOnly": true
    }
  ]
}