{
  "implemented": true,
  "nationalPokedexNumber": 488,
  "name": "Cresselia",
  "primaryType": "psychic",
  "maleRatio": 0,
  "height": 15,
  "weight": 856,
  "pokedex": [
    "cobblemon.species.cresselia.desc"
  ],
  "labels": [
    "gen4",
    "legendary"
  ],
  "aspects": [],
  "abilities": [
    "levitate",
    "h:levitate"
  ],
  "eggGroups": [
    "undiscovered"
  ],
  "baseStats": {
    "hp": 120,
    "attack": 70,
    "defence": 110,
    "special_attack": 75,
    "special_defence": 120,
    "speed": 85
  },
  "evYield": {
    "hp": 0,
    "attack": 0,
    "defence": 0,
    "special_attack": 0,
    "special_defence": 3,
    "speed": 0
  },
  "baseExperienceYield": 290,
  "experienceGroup": "slow",
  "catchRate": 3,
  "eggCycles": 120,
  "baseFriendship": 100,
  "baseScale": 0.75,
  "hitbox": {
    "width": 1.2,
    "height": 2.2,
    "fixed": false
  },
  "moves": [
    "1:confusion",
    "1:doubleteam",
    "6:mist",
    "12:aurorabeam",
    "18:psybeam",
    "24:psychoshift",
    "30:slash",
    "36:psychocut",
    "42:moonlight",
    "48:safeguard",
    "54:psychic",
    "60:moonblast",
    "66:futuresight",
    "72:lunardance",
    "72:lunarblessing",
    "tm:allyswitch",
    "tm:bodyslam",
    "tm:calmmind",
    "tm:chargebeam",
    "tm:confuseray",
    "tm:dazzlinggleam",
    "tm:doubleteam",
    "tm:dreameater",
    "tm:endure",
    "tm:energyball",
    "tm:expandingforce",
    "tm:facade",
    "tm:flash",
    "tm:furycutter",
    "tm:futuresight",
    "tm:gigaimpact",
    "tm:grassknot",
    "tm:gravity",
    "tm:guardswap",
    "tm:helpinghand",
    "tm:hyperbeam",
    "tm:icebeam",
    "tm:icywind",
    "tm:lightscreen",
    "tm:magiccoat",
    "tm:magicroom",
    "tm:mudslap",
    "tm:powergem",
    "tm:powershift",
    "tm:powerswap",
    "tm:protect",
    "tm:psybeam",
    "tm:psychic",
    "tm:psychicterrain",
    "tm:psychocut",
    "tm:psychup",
    "tm:psyshock",
    "tm:raindance",
    "tm:recycle",
    "tm:reflect",
    "tm:rest",
    "tm:safeguard",
    "tm:scaryface",
    "tm:shadowball",
    "tm:signalbeam",
    "tm:skillswap",
    "tm:sleeptalk",
    "tm:solarbeam",
    "tm:storedpower",
    "tm:substitute",
    "tm:sunnyday",
    "tm:swift",
    "tm:telekinesis",
    "tm:terablast",
    "tm:thunder",
    "tm:thunderbolt",
    "tm:thunderwave",
    "tm:trick",
    "tm:trickroom",
    "tm:zenheadbutt",
    "tutor:allyswitch",
    "tutor:calmmind",
    "tutor:chargebeam",
    "tutor:dazzlinggleam",
    "tutor:energyball",
    "tutor:expandingforce",
    "tutor:furycutter",
    "tutor:gigaimpact",
    "tutor:gravity",
    "tutor:helpinghand",
    "tutor:hyperbeam",
    "tutor:icebeam",
    "tutor:icywind",
    "tutor:magiccoat",
    "tutor:magicroom",
    "tutor:mudslap",
    "tutor:powershift",
    "tutor:psychic",
    "tutor:psychocut",
    "tutor:recycle",
    "tutor:rest",
    "tutor:shadowball",
    "tutor:signalbeam",
    "tutor:skillswap",
    "tutor:sleeptalk",
    "tutor:swift",
    "tutor:telekinesis",
    "tutor:thunderbolt",
    "tutor:trick",
    "tutor:zenheadbutt"
  ],
  "evolutions": []
}