{
  "implemented": true,
  "nationalPokedexNumber": 485,
  "name": "Heatran",
  "primaryType": "fire",
  "secondaryType": "steel",
  "maleRatio": 0.5,
  "height": 17,
  "weight": 4300,
  "pokedex": [
    "cobblemon.species.heatran.desc"
  ],
  "labels": [
    "gen4",
    "legendary"
  ],
  "aspects": [],
  "abilities": [
    "flashfire",
    "h:flamebody"
  ],
  "eggGroups": [
    "undiscovered"
  ],
  "baseStats": {
    "hp": 91,
    "attack": 90,
    "defence": 106,
    "special_attack": 130,
    "special_defence": 106,
    "speed": 77
  },
  "evYield": {
    "hp": 0,
    "attack": 0,
    "defence": 0,
    "special_attack": 3,
    "special_defence": 0,
    "speed": 0
  },
  "baseExperienceYield": 300,
  "experienceGroup": "slow",
  "catchRate": 3,
  "eggCycles": 10,
  "baseFriendship": 100,
  "baseScale": 1.2,
  "hitbox": {
    "width": 1.2,
    "height": 1,
    "fixed": false
  },
  "moves": [
    "1:leer",
    "1:firespin",
    "6:metalclaw",
    "12:ancientpower",
    "18:firefang",
    "24:scaryface",
    "30:ironhead",
    "36:crunch",
    "42:lavaplume",
    "48:metalsound",
    "54:earthpower",
    "60:heatwave",
    "66:stoneedge",
    "72:magmastorm",
    "tm:ancientpower",
    "tm:bodypress",
    "tm:bodyslam",
    "tm:bulldoze",
    "tm:burningjealousy",
    "tm:crunch",
    "tm:darkpulse",
    "tm:dig",
    "tm:dragonpulse",
    "tm:earthpower",
    "tm:earthquake",
    "tm:endure",
    "tm:explosion",
    "tm:facade",
    "tm:fireblast",
    "tm:firefang",
    "tm:firespin",
    "tm:flamecharge",
    "tm:flamethrower",
    "tm:flareblitz",
    "tm:flashcannon",
    "tm:gigaimpact",
    "tm:hardpress",
    "tm:headbutt",
    "tm:heatcrash",
    "tm:heatwave",
    "tm:heavyslam",
    "tm:hyperbeam",
    "tm:incinerate",
    "tm:irondefense",
    "tm:ironhead",
    "tm:lunge",
    "tm:metalclaw",
    "tm:metalsound",
    "tm:naturepower",
    "tm:overheat",
    "tm:payback",
    "tm:pounce",
    "tm:powergem",
    "tm:protect",
    "tm:rest",
    "tm:rockblast",
    "tm:rockclimb",
    "tm:rockslide",
    "tm:rocksmash",
    "tm:rocktomb",
    "tm:sandstorm",
    "tm:scaryface",
    "tm:scorchingsands",
    "tm:selfdestruct",
    "tm:sleeptalk",
    "tm:solarbeam",
    "tm:stealthrock",
    "tm:steelbeam",
    "tm:steelroller",
    "tm:stompingtantrum",
    "tm:stoneedge",
    "tm:strength",
    "tm:substitute",
    "tm:sunnyday",
    "tm:takedown",
    "tm:taunt",
    "tm:terablast",
    "tm:torment",
    "tm:willowisp",
    "tutor:ancientpower",
    "tutor:bulldoze",
    "tutor:burningjealousy",
    "tutor:darkpulse",
    "tutor:dragonpulse",
    "tutor:earthpower",
    "tutor:firefang",
    "tutor:flamethrower",
    "tutor:flashcannon",
    "tutor:gigaimpact",
    "tutor:heatwave",
    "tutor:hyperbeam",
    "tutor:irondefense",
    "tutor:ironhead",
    "tutor:rest",
    "tutor:rockslide",
    "tutor:rocksmash",
    "tutor:scorchingsands",
    "tutor:sleeptalk",
    "tutor:stealthrock",
    "tutor:steelbeam",
    "tutor:steelroller",
    "tutor:stompingtantrum",
    "tutor:stoneedge"
  ],
  "evolutions": []
}