{
  "missing_pokemon": [
    {
      "translatable": "dialogs.rctmod.pat.missing_pokemon.0"
    },
    {
      "translatable": "dialogs.rctmod.pat.missing_pokemon.1"
    },
    {
      "translatable": "dialogs.rctmod.pat.missing_pokemon.2"
    },
    {
      "translatable": "dialogs.rctmod.pat.missing_pokemon.3"
    }
  ],
  "on_battle_start": [
    {
      "translatable": "dialogs.rctmod.pat.on_battle_start.0"
    },
    {
      "translatable": "dialogs.rctmod.pat.on_battle_start.1"
    },
    {
      "translatable": "dialogs.rctmod.pat.on_battle_start.2"
    },
    {
      "translatable": "dialogs.rctmod.pat.on_battle_start.3"
    },
    {
      "translatable": "dialogs.rctmod.pat.on_battle_start.4"
    },
    {
      "translatable": "dialogs.rctmod.pat.on_battle_start.5"
    }
  ],
  "on_battle_won": [
    {
      "translatable": "dialogs.rctmod.pat.on_battle_won.0"
    },
    {
      "translatable": "dialogs.rctmod.pat.on_battle_won.1"
    },
    {
      "translatable": "dialogs.rctmod.pat.on_battle_won.2"
    },
    {
      "translatable": "dialogs.rctmod.pat.on_battle_won.3"
    },
        {
      "translatable": "dialogs.rctmod.pat.on_battle_start.4"
    },
    {
      "translatable": "dialogs.rctmod.pat.on_battle_start.5"
    }
  ],
  "on_battle_lost": [
    {
      "translatable": "dialogs.rctmod.pat.on_battle_lost.0"
    },
    {
      "translatable": "dialogs.rctmod.pat.on_battle_lost.1"
    },
    {
      "translatable": "dialogs.rctmod.pat.on_battle_lost.2"
    },
    {
      "translatable": "dialogs.rctmod.pat.on_battle_lost.3"
    }
   ],
   "trainer_won": [
    {
      "translatable": "dialogs.rctmod.pat.trainer_won.0"
    },
    {
      "translatable": "dialogs.rctmod.pat.trainer_won.1"
    },
    {
      "translatable": "dialogs.rctmod.pat.trainer_won.2"
    },
    {
      "translatable": "dialogs.rctmod.pat.trainer_won.3"
    },
    {
      "translatable": "dialogs.rctmod.pat.trainer_won.4"
    }
  ],
  "trainer_lost": [
    {
      "translatable": "dialogs.rctmod.pat.trainer_lost.0"
    },
    {
      "translatable": "dialogs.rctmod.pat.trainer_lost.1"
    },
    {
      "translatable": "dialogs.rctmod.pat.trainer_lost.2"
    },
    {
      "translatable": "dialogs.rctmod.pat.trainer_lost.3"
    }
    ],
  "on_cooldown": [
    {
      "translatable": "dialogs.rctmod.pat.on_cooldown.0"
    },
    {
      "translatable": "dialogs.rctmod.pat.on_cooldown.1"
    },
    {
      "translatable": "dialogs.rctmod.pat.on_cooldown.2"
    }
  ],
  "low_level_cap": [
    {
      "translatable": "dialogs.rctmod.pat.low_level_cap.0"
    },
    {
      "translatable": "dialogs.rctmod.pat.low_level_cap.1"
    },
    {
      "translatable": "dialogs.rctmod.pat.low_level_cap.2"
    },
    {
      "translatable": "dialogs.rctmod.pat.low_level_cap.2"
    }
  ],
  "over_level_cap": [
    {
      "translatable": "dialogs.rctmod.pat.over_level_cap.0"
    },
    {
      "translatable": "dialogs.rctmod.pat.over_level_cap.1"
    },
    {
      "translatable": "dialogs.rctmod.pat.over_level_cap.2"
    }
  ],
  "player_busy": [
    {
      "translatable": "dialogs.rctmod.pat.player_busy.0"
    }
  ],
  "trainer_busy": [
    {
      "translatable": "dialogs.rctmod.pat.trainer_busy.0"
    }
  ],
"wrong_series": [
  {
    "translatable": "dialogs.rctmod.pat.wrong_series.0"
  },
  {
    "translatable": "dialogs.rctmod.pat.wrong_series.1"
  }
],
"unknown_reason": [
  {
    "translatable": "dialogs.rctmod.pat.unknown_reason"
  }
],
"missing_required_trainer": [
  {
    "translatable": "dialogs.rctmod.pat.missing_required_trainer.0"
  },
  {
    "translatable": "dialogs.rctmod.pat.missing_required_trainer.1"
  },
  {
    "translatable": "dialogs.rctmod.pat.missing_required_trainer.2"
  },
  {
    "translatable": "dialogs.rctmod.pat.missing_required_trainer.3"
  },
  {
    "translatable": "dialogs.rctmod.pat.missing_required_trainer.4"
  }
]
}