{
  "type": "minecraft:chest",
  "pools": [
    {
      "entries": [
        {
          "type": "minecraft:item",
          "name": "cobblenav:pokenav_item_old",
          "functions": [
            {
              "function": "minecraft:set_count",
              "count": 1
            }
          ]
        }
      ],
      "conditions": [
        {
          "condition": "minecraft:random_chance",
          "chance": 0.125
        }
      ],
      "rolls": 0
    }
  ],
  "random_sequence": "minecraft:chests/ancient_city"
}