{
  "pools": [
    {
      "rolls": 1,
      "entries": [
        {
          "type": "minecraft:item",
          "name": "mega_showdown:zygarde_cell",
          "weight": 1,
          "functions": []
        },
        {
          "type": "minecraft:item",
          "name": "minecraft:coal",
          "weight": 4,
          "functions": []
        },
        {
          "type": "minecraft:item",
          "name": "minecraft:egg",
          "weight": 4,
          "functions": []
        }
      ]
    },
    {
      "rolls": 13,
      "entries": [
        {
          "type": "minecraft:item",
          "name": "minecraft:gold_nugget",
          "weight": 3
        },
        {
          "type": "minecraft:item",
          "name": "minecraft:rotten_flesh",
          "weight": 3
        },
        {
          "type": "minecraft:item",
          "name": "minecraft:carrot",
          "weight": 13
        },
        {
          "type": "minecraft:item",
          "name": "minecraft:shelter_pottery_sherd",
          "weight": 3
        },
        {
          "type": "minecraft:item",
          "name": "cobblemon:relic_coin",
          "weight": 10
        },
        {
          "type": "minecraft:item",
          "name": "cobblemon:exp_candy_m",
          "weight": 4
        },
        {
          "type": "minecraft:item",
          "name": "minecraft:cobweb",
          "weight": 6
        }
      ]
    }
  ]
}