{
  "pools": [
    {
      "rolls": 1,
      "entries": [
        {
          "type": "minecraft:item",
          "name": "cobblemon:ancient_wing_ball",
          "weight": 4,
          "functions": []
        }
      ]
    },
    {
      "rolls": 2,
      "entries": [
        {
          "type": "minecraft:item",
          "name": "minecraft:spyglass",
          "weight": 6
        },
        {
          "type": "minecraft:item",
          "name": "minecraft:amethyst_shard",
          "weight": 20
        }
      ]
    },
        {
      "entries": [
		   {
          "type": "minecraft:loot_table",
          "value": "minecraft:cobblemon/healing_status",
          "weight": 5
        },
        {
          "type": "minecraft:loot_table",
          "value": "minecraft:cobblemon/evolutionary",
          "weight": 2
        },
        {
          "type": "minecraft:item",
          "name": "cobblemon:super_potion",
          "functions": [
            {
              "add": false,
              "count": {
                "type": "minecraft:uniform",
                "max": 3.0,
                "min": 1.0
              },
              "function": "minecraft:set_count"
            }
          ]
        }
      ],
      "rolls": {
          "type": "minecraft:uniform",
          "max": 2.0,
          "min": 1.0
        }
    }
  ]
}