{
  "type": "minecraft:chest",
  "pools": [
    {
      "bonus_rolls": 0.0,
      "entries": [
        {
          "type": "minecraft:item",
          "name": "sophisticatedbackpacks:iron_backpack",
          "weight": 4
        },
        {
          "type": "minecraft:item",
          "name": "sophisticatedbackpacks:gold_backpack",
          "weight": 2
        },
        {
          "type": "minecraft:item",
          "name": "sophisticatedbackpacks:advanced_magnet_upgrade",
          "weight": 2
        },
        {
          "type": "minecraft:empty",
          "weight": 92
        }
      ],
      "name": "main",
      "rolls": 0
    }
  ],
  "random_sequence": "sophisticatedbackpacks:inject/chests/shipwreck_treasure"
}